# Created by FreeCAD <https://www.freecad.org>
v -37.932209 12.279309 12.800000
v -37.792946 12.136533 12.800000
v -49.599998 0.000000 12.800000
v -37.646744 12.000875 12.800000
v -38.064178 12.428849 12.800000
v -37.493958 11.872674 12.800000
v -38.188530 12.584783 12.800000
v -37.334976 11.752248 12.800000
v -38.304955 12.746719 12.800000
v -37.170185 11.639896 12.800000
v -38.413162 12.914259 12.800000
v -37.000000 11.535898 12.800000
v -38.512886 13.086984 12.800000
v -36.824844 11.440513 12.800000
v -38.603874 13.264465 12.800000
v -36.645149 11.353976 12.800000
v -38.685905 13.446260 12.800000
v -36.461365 11.276505 12.800000
v -38.758770 13.631920 12.800000
v -36.273945 11.208291 12.800000
v -38.822292 13.820979 12.800000
v -36.083363 11.149503 12.800000
v -38.876308 14.012970 12.800000
v -35.890083 11.100288 12.800000
v -38.920689 14.207416 12.800000
v -50.849998 0.000000 12.800000
v -35.694592 11.060769 12.800000
v -38.955322 14.403831 12.800000
v -35.497375 11.031043 12.800000
v -38.980122 14.601728 12.800000
v -35.298920 11.011185 12.800000
v -38.995029 14.800616 12.800000
v -35.099724 11.001244 12.800000
v -39.000000 15.000000 12.800000
v -34.900276 11.001244 12.800000
v -34.701080 11.011185 12.800000
v -34.502625 11.031043 12.800000
v -34.305408 11.060769 12.800000
v -34.109917 11.100288 12.800000
v -33.916637 11.149503 12.800000
v -33.726055 11.208291 12.800000
v -33.538635 11.276505 12.800000
v -33.354851 11.353976 12.800000
v -33.175156 11.440513 12.800000
v -33.000000 11.535898 12.800000
v -50.849998 30.000000 12.800000
v -38.876308 15.987030 12.800000
v -38.920689 15.792584 12.800000
v -38.822292 16.179020 12.800000
v -38.758770 16.368080 12.800000
v -38.685905 16.553740 12.800000
v -38.603874 16.735535 12.800000
v -38.512886 16.913015 12.800000
v -38.413162 17.085741 12.800000
v -38.304955 17.253281 12.800000
v -38.995029 15.199384 12.800000
v -38.980122 15.398272 12.800000
v -38.955322 15.596169 12.800000
v -38.188530 17.415218 12.800000
v -38.064178 17.571150 12.800000
v -37.932209 17.720692 12.800000
v -37.792946 17.863468 12.800000
v -37.646744 17.999125 12.800000
v -37.493958 18.127325 12.800000
v -37.334976 18.247751 12.800000
v -37.170185 18.360104 12.800000
v -37.000000 18.464102 12.800000
v -36.824844 18.559486 12.800000
v -36.645149 18.646023 12.800000
v -36.461365 18.723495 12.800000
v -36.273945 18.791710 12.800000
v -36.083363 18.850496 12.800000
v -35.890083 18.899712 12.800000
v -35.694592 18.939232 12.800000
v -35.497375 18.968956 12.800000
v -35.298920 18.988815 12.800000
v -35.099724 18.998756 12.800000
v -34.900276 18.998756 12.800000
v -34.701080 18.988815 12.800000
v -34.502625 18.968956 12.800000
v -34.305408 18.939232 12.800000
v -34.109917 18.899712 12.800000
v -33.916637 18.850496 12.800000
v -33.726055 18.791710 12.800000
v -33.538635 18.723495 12.800000
v -33.354851 18.646023 12.800000
v 32.067791 12.279309 12.800000
v 32.207054 12.136533 12.800000
v -32.207054 12.136533 12.800000
v -32.067791 12.279309 12.800000
v -31.935822 12.428849 12.800000
v 32.353256 12.000875 12.800000
v -32.353256 12.000875 12.800000
v 31.935822 12.428849 12.800000
v 32.506042 11.872674 12.800000
v -32.506042 11.872674 12.800000
v -32.665024 11.752248 12.800000
v 31.811470 12.584783 12.800000
v -31.811470 12.584783 12.800000
v -31.695045 12.746719 12.800000
v 32.665024 11.752248 12.800000
v 31.695045 12.746719 12.800000
v 32.829815 11.639896 12.800000
v -32.829815 11.639896 12.800000
v 31.586836 12.914259 12.800000
v -31.586836 12.914259 12.800000
v 33.000000 11.535898 12.800000
v 31.487114 13.086984 12.800000
v -31.487114 13.086984 12.800000
v -31.396124 13.264465 12.800000
v 31.396124 13.264465 12.800000
v 31.314095 13.446260 12.800000
v -31.314095 13.446260 12.800000
v 31.241230 13.631920 12.800000
v -31.241230 13.631920 12.800000
v -31.177710 13.820979 12.800000
v 31.177710 13.820979 12.800000
v 31.123692 14.012970 12.800000
v -31.123692 14.012970 12.800000
v -31.079309 14.207416 12.800000
v 31.079309 14.207416 12.800000
v 31.044676 14.403831 12.800000
v -31.044676 14.403831 12.800000
v 31.019876 14.601728 12.800000
v -31.019876 14.601728 12.800000
v -31.004972 14.800616 12.800000
v 31.004972 14.800616 12.800000
v 31.000000 15.000000 12.800000
v -31.000000 15.000000 12.800000
v 31.004972 15.199384 12.800000
v -31.004972 15.199384 12.800000
v 31.019876 15.398272 12.800000
v -31.019876 15.398272 12.800000
v -31.044676 15.596169 12.800000
v 49.599998 -3.000000 12.800000
v 35.298920 11.011185 12.800000
v 35.497375 11.031043 12.800000
v 35.099724 11.001244 12.800000
v 34.900276 11.001244 12.800000
v 34.701080 11.011185 12.800000
v 34.502625 11.031043 12.800000
v 34.305408 11.060769 12.800000
v 34.109917 11.100288 12.800000
v 33.916637 11.149503 12.800000
v 33.726055 11.208291 12.800000
v 33.538635 11.276505 12.800000
v 33.354851 11.353976 12.800000
v 33.175156 11.440513 12.800000
v 31.044676 15.596169 12.800000
v -31.079309 15.792584 12.800000
v 31.079309 15.792584 12.800000
v -31.123692 15.987030 12.800000
v 31.123692 15.987030 12.800000
v -31.177710 16.179020 12.800000
v 31.177710 16.179020 12.800000
v 31.241230 16.368080 12.800000
v -31.241230 16.368080 12.800000
v -31.314095 16.553740 12.800000
v 31.314095 16.553740 12.800000
v 31.396124 16.735535 12.800000
v -31.396124 16.735535 12.800000
v -31.487114 16.913015 12.800000
v 31.487114 16.913015 12.800000
v 31.586836 17.085741 12.800000
v -31.586836 17.085741 12.800000
v -31.695045 17.253281 12.800000
v 31.695045 17.253281 12.800000
v 31.811470 17.415218 12.800000
v -31.811470 17.415218 12.800000
v 31.935822 17.571150 12.800000
v -31.935822 17.571150 12.800000
v 49.599998 0.000000 12.800000
v 37.334976 11.752248 12.800000
v 37.493958 11.872674 12.800000
v 37.170185 11.639896 12.800000
v 37.000000 11.535898 12.800000
v 36.824844 11.440513 12.800000
v 36.645149 11.353976 12.800000
v 36.461365 11.276505 12.800000
v 36.273945 11.208291 12.800000
v 36.083363 11.149503 12.800000
v 35.890083 11.100288 12.800000
v 35.694592 11.060769 12.800000
v 37.646744 12.000875 12.800000
v 32.067791 17.720692 12.800000
v -32.067791 17.720692 12.800000
v 37.792946 12.136533 12.800000
v 32.207054 17.863468 12.800000
v -32.207054 17.863468 12.800000
v -32.353256 17.999125 12.800000
v 37.932209 12.279309 12.800000
v 32.353256 17.999125 12.800000
v -32.506042 18.127325 12.800000
v 38.064178 12.428849 12.800000
v 32.506042 18.127325 12.800000
v 38.188530 12.584783 12.800000
v 32.665024 18.247751 12.800000
v -32.665024 18.247751 12.800000
v -32.829815 18.360104 12.800000
v 38.304955 12.746719 12.800000
v 32.829815 18.360104 12.800000
v 38.413162 12.914259 12.800000
v 33.000000 18.464102 12.800000
v -33.000000 18.464102 12.800000
v -33.175156 18.559486 12.800000
v 38.512886 13.086984 12.800000
v 33.175156 18.559486 12.800000
v 38.603874 13.264465 12.800000
v 33.354851 18.646023 12.800000
v 38.685905 13.446260 12.800000
v 38.758770 13.631920 12.800000
v 38.822292 13.820979 12.800000
v 38.876308 14.012970 12.800000
v 38.920689 14.207416 12.800000
v 38.955322 14.403831 12.800000
v 38.980122 14.601728 12.800000
v 38.995029 14.800616 12.800000
v 39.000000 15.000000 12.800000
v 50.849998 30.000000 12.800000
v 34.701080 18.988815 12.800000
v 34.502625 18.968956 12.800000
v 34.900276 18.998756 12.800000
v 35.099724 18.998756 12.800000
v 35.298920 18.988815 12.800000
v 35.497375 18.968956 12.800000
v 35.694592 18.939232 12.800000
v 35.890083 18.899712 12.800000
v 36.083363 18.850496 12.800000
v 36.273945 18.791710 12.800000
v 36.461365 18.723495 12.800000
v 36.645149 18.646023 12.800000
v 36.824844 18.559486 12.800000
v 37.000000 18.464102 12.800000
v 37.170185 18.360104 12.800000
v 37.334976 18.247751 12.800000
v 37.493958 18.127325 12.800000
v 37.646744 17.999125 12.800000
v 37.792946 17.863468 12.800000
v 37.932209 17.720692 12.800000
v 38.064178 17.571150 12.800000
v 38.188530 17.415218 12.800000
v 38.304955 17.253281 12.800000
v 38.413162 17.085741 12.800000
v 38.512886 16.913015 12.800000
v 38.603874 16.735535 12.800000
v 38.685905 16.553740 12.800000
v 38.758770 16.368080 12.800000
v 38.822292 16.179020 12.800000
v 38.876308 15.987030 12.800000
v 38.920689 15.792584 12.800000
v 38.955322 15.596169 12.800000
v 38.980122 15.398272 12.800000
v 38.995029 15.199384 12.800000
v 33.538635 18.723495 12.800000
v 33.726055 18.791710 12.800000
v 33.916637 18.850496 12.800000
v 34.109917 18.899712 12.800000
v 34.305408 18.939232 12.800000
v 37.764427 13.834696 13.800000
v 37.866718 14.115734 13.800000
v 38.344505 13.968357 13.300000
v 37.450432 14.504635 14.300000
v 37.487576 14.751081 14.300000
v 37.985092 14.701297 13.800000
v 36.977661 14.701916 14.800000
v 36.960346 14.603707 14.800000
v 36.938156 14.506485 14.800000
v 37.940517 14.405561 13.800000
v 37.681156 12.750243 13.300000
v 38.500000 15.000000 13.300000
v 37.891834 13.028379 13.300000
v 37.634666 13.565238 13.800000
v 38.225166 13.640478 13.300000
v 38.073776 13.326111 13.300000
v 37.388931 14.263112 14.300000
v 36.911144 14.410490 14.800000
v 36.879387 14.315960 14.800000
v 37.443829 12.494466 13.300000
v 37.478718 13.310040 13.800000
v 37.303692 14.028913 14.300000
v 36.842953 14.223130 14.800000
v 36.801937 14.132233 14.800000
v 37.182213 12.263590 13.300000
v 36.997513 14.900309 14.800000
v 37.000000 15.000000 14.800000
v 37.500000 15.000000 14.300000
v 37.298134 13.071637 13.800000
v 37.195553 13.804365 14.300000
v 36.756443 14.043492 14.800000
v 36.706581 13.957129 14.800000
v 36.898911 12.059909 13.300000
v 37.094711 12.852400 13.800000
v 37.065598 13.591700 14.300000
v 36.652477 13.873360 14.800000
v 36.594265 13.792391 14.800000
v 36.596737 11.885448 13.300000
v 36.870468 12.654506 13.800000
v 36.915112 13.393031 14.300000
v 36.532089 13.714425 14.800000
v 36.466103 13.639654 14.800000
v 36.278694 11.741941 13.300000
v 36.627640 12.479922 13.800000
v 36.745590 13.210333 14.300000
v 36.396473 13.568266 14.800000
v 36.323372 13.500438 14.800000
v 35.947941 11.630816 13.300000
v 36.368633 12.330384 13.800000
v 36.558723 13.045422 14.300000
v 36.246979 13.436337 14.800000
v 36.167488 13.376124 14.800000
v 35.607769 11.553173 13.300000
v 36.096024 12.207378 13.800000
v 36.356365 12.899935 14.300000
v 36.085091 13.319948 14.800000
v 36.000000 13.267949 14.800000
v 35.261555 11.509787 13.300000
v 35.812523 12.112127 13.800000
v 36.140526 12.775320 14.300000
v 35.912422 13.220257 14.800000
v 35.822575 13.176989 14.800000
v 34.912743 11.501088 13.300000
v 35.520943 12.045577 13.800000
v 35.913353 12.672815 14.300000
v 35.730682 13.138252 14.800000
v 35.636974 13.104145 14.800000
v 34.564796 11.527163 13.300000
v 35.224190 12.008389 13.800000
v 35.677101 12.593439 14.300000
v 35.541679 13.074752 14.800000
v 35.445042 13.050144 14.800000
v 34.221176 11.587752 13.300000
v 34.925209 12.000933 13.800000
v 35.434120 12.537981 14.300000
v 35.347298 13.030384 14.800000
v 35.248688 13.015522 14.800000
v 33.885296 11.682254 13.300000
v 34.626968 12.023282 13.800000
v 35.186825 12.506990 14.300000
v 35.149460 13.005592 14.800000
v 35.049862 13.000622 14.800000
v 33.560493 11.809730 13.300000
v 34.332436 12.075216 13.800000
v 34.937672 12.500777 14.300000
v 34.950138 13.000622 14.800000
v 34.850540 13.005592 14.800000
v 33.250000 11.968911 13.300000
v 34.044540 12.156218 13.800000
v 34.689140 12.519402 14.300000
v 34.751312 13.015522 14.800000
v 34.652702 13.030384 14.800000
v 32.956898 12.158217 13.300000
v 33.766140 12.265483 13.800000
v 34.443699 12.562680 14.300000
v 34.554958 13.050144 14.800000
v 34.458321 13.074752 14.800000
v 32.684101 12.375766 13.300000
v 33.500000 12.401924 13.800000
v 34.203785 12.630181 14.300000
v 34.363026 13.104145 14.800000
v 34.269318 13.138252 14.800000
v 32.434319 12.619395 13.300000
v 33.248768 12.564186 13.800000
v 33.971783 12.721235 14.300000
v 34.177425 13.176989 14.800000
v 34.087578 13.220257 14.800000
v 32.210037 12.886684 13.300000
v 33.014942 12.750656 13.800000
v 33.750000 12.834936 14.300000
v 34.000000 13.267949 14.800000
v 33.914909 13.319948 14.800000
v 32.013481 13.174976 13.300000
v 32.800846 12.959482 13.800000
v 33.540642 12.970155 14.300000
v 33.832512 13.376124 14.800000
v 33.753021 13.436337 14.800000
v 31.846609 13.481407 13.300000
v 32.608601 13.188587 13.800000
v 33.345787 13.125547 14.300000
v 33.676628 13.500438 14.800000
v 33.603527 13.568266 14.800000
v 31.711077 13.802930 13.300000
v 32.440128 13.435695 13.800000
v 33.167370 13.299568 14.300000
v 33.533897 13.639654 14.800000
v 33.467911 13.714425 14.800000
v 31.608229 14.136349 13.300000
v 32.297092 13.698349 13.800000
v 33.007168 13.490489 14.300000
v 33.405735 13.792391 14.800000
v 33.347523 13.873360 14.800000
v 31.539093 14.478352 13.300000
v 32.180923 13.973940 13.800000
v 32.866772 13.696412 14.300000
v 33.293419 13.957129 14.800000
v 33.243557 14.043492 14.800000
v 31.504351 14.825540 13.300000
v 32.092770 14.259727 13.800000
v 32.747578 13.915291 14.300000
v 33.198063 14.132233 14.800000
v 33.157047 14.223130 14.800000
v 31.504351 15.174460 13.300000
v 32.033508 14.552874 13.800000
v 32.650768 14.144950 14.300000
v 33.120613 14.315960 14.800000
v 33.088856 14.410490 14.800000
v 31.539093 15.521648 13.300000
v 32.003731 14.850462 13.800000
v 32.577309 14.383106 14.300000
v 33.061844 14.506485 14.800000
v 33.039654 14.603707 14.800000
v 31.608229 15.863651 13.300000
v 32.003731 15.149538 13.800000
v 32.527924 14.627395 14.300000
v 33.022339 14.701916 14.800000
v 33.009937 14.800864 14.800000
v 31.711077 16.197071 13.300000
v 32.033508 15.447126 13.800000
v 32.503109 14.875385 14.300000
v 33.002487 14.900309 14.800000
v 33.000000 15.000000 14.800000
v 31.846609 16.518593 13.300000
v 32.092770 15.740273 13.800000
v 32.503109 15.124615 14.300000
v 33.002487 15.099691 14.800000
v 33.009937 15.199136 14.800000
v 32.013481 16.825024 13.300000
v 32.180923 16.026060 13.800000
v 32.527924 15.372605 14.300000
v 33.022339 15.298084 14.800000
v 33.039654 15.396293 14.800000
v 32.210037 17.113316 13.300000
v 32.297092 16.301651 13.800000
v 32.577309 15.616894 14.300000
v 33.061844 15.493515 14.800000
v 33.088856 15.589510 14.800000
v 32.434319 17.380604 13.300000
v 32.440128 16.564306 13.800000
v 32.650768 15.855050 14.300000
v 33.120613 15.684040 14.800000
v 33.157047 15.776870 14.800000
v 32.684101 17.624235 13.300000
v 32.608601 16.811413 13.800000
v 32.747578 16.084709 14.300000
v 33.198063 15.867767 14.800000
v 33.243557 15.956508 14.800000
v 32.956898 17.841784 13.300000
v 32.800846 17.040518 13.800000
v 32.866772 16.303589 14.300000
v 33.293419 16.042870 14.800000
v 33.347523 16.126640 14.800000
v 33.250000 18.031090 13.300000
v 33.014942 17.249344 13.800000
v 33.007168 16.509512 14.300000
v 33.405735 16.207609 14.800000
v 33.467911 16.285576 14.800000
v 33.560493 18.190271 13.300000
v 33.248768 17.435814 13.800000
v 33.167370 16.700432 14.300000
v 33.533897 16.360346 14.800000
v 33.603527 16.431734 14.800000
v 33.885296 18.317745 13.300000
v 33.500000 17.598076 13.800000
v 33.345787 16.874453 14.300000
v 33.676628 16.499563 14.800000
v 33.753021 16.563663 14.800000
v 34.221176 18.412249 13.300000
v 33.766140 17.734518 13.800000
v 33.540642 17.029844 14.300000
v 33.832512 16.623877 14.800000
v 33.914909 16.680052 14.800000
v 34.564796 18.472837 13.300000
v 34.044540 17.843782 13.800000
v 33.750000 17.165064 14.300000
v 34.000000 16.732050 14.800000
v 34.087578 16.779743 14.800000
v 34.912743 18.498913 13.300000
v 34.332436 17.924784 13.800000
v 33.971783 17.278765 14.300000
v 34.177425 16.823011 14.800000
v 34.269318 16.861748 14.800000
v 35.261555 18.490213 13.300000
v 34.626968 17.976717 13.800000
v 34.203785 17.369818 14.300000
v 34.363026 16.895855 14.800000
v 34.458321 16.925249 14.800000
v 35.607769 18.446827 13.300000
v 34.925209 17.999067 13.800000
v 34.443699 17.437321 14.300000
v 34.554958 16.949856 14.800000
v 34.652702 16.969616 14.800000
v 35.947941 18.369184 13.300000
v 35.224190 17.991611 13.800000
v 34.689140 17.480598 14.300000
v 34.751312 16.984478 14.800000
v 34.850540 16.994408 14.800000
v 36.278694 18.258059 13.300000
v 35.520943 17.954424 13.800000
v 34.937672 17.499224 14.300000
v 34.950138 16.999378 14.800000
v 35.049862 16.999378 14.800000
v 36.596737 18.114552 13.300000
v 35.812523 17.887873 13.800000
v 35.186825 17.493010 14.300000
v 35.149460 16.994408 14.800000
v 35.248688 16.984478 14.800000
v 36.898911 17.940090 13.300000
v 36.096024 17.792622 13.800000
v 35.434120 17.462019 14.300000
v 35.347298 16.969616 14.800000
v 35.445042 16.949856 14.800000
v 37.182213 17.736410 13.300000
v 36.368633 17.669615 13.800000
v 35.677101 17.406561 14.300000
v 35.541679 16.925249 14.800000
v 35.636974 16.895855 14.800000
v 37.443829 17.505533 13.300000
v 36.627640 17.520079 13.800000
v 35.913353 17.327185 14.300000
v 35.730682 16.861748 14.800000
v 35.822575 16.823011 14.800000
v 37.681156 17.249756 13.300000
v 36.870468 17.345495 13.800000
v 36.140526 17.224680 14.300000
v 35.912422 16.779743 14.800000
v 36.000000 16.732050 14.800000
v 37.891834 16.971621 13.300000
v 37.094711 17.147600 13.800000
v 36.356365 17.100065 14.300000
v 36.085091 16.680052 14.800000
v 36.167488 16.623877 14.800000
v 38.073776 16.673889 13.300000
v 37.298134 16.928362 13.800000
v 36.558723 16.954578 14.300000
v 36.246979 16.563663 14.800000
v 36.323372 16.499563 14.800000
v 38.225166 16.359522 13.300000
v 37.478718 16.689960 13.800000
v 36.745590 16.789667 14.300000
v 36.396473 16.431734 14.800000
v 36.466103 16.360346 14.800000
v 38.344505 16.031643 13.300000
v 37.634666 16.434761 13.800000
v 36.915112 16.606970 14.300000
v 36.532089 16.285576 14.800000
v 36.594265 16.207609 14.800000
v 38.430603 15.693512 13.300000
v 37.764427 16.165304 13.800000
v 37.065598 16.408300 14.300000
v 36.652477 16.126640 14.800000
v 36.706581 16.042870 14.800000
v 38.482609 15.348488 13.300000
v 37.866718 15.884266 13.800000
v 37.195553 16.195635 14.300000
v 36.756443 15.956508 14.800000
v 36.801937 15.867767 14.800000
v 37.940517 15.594439 13.800000
v 37.303692 15.971087 14.300000
v 36.842953 15.776870 14.800000
v 36.879387 15.684040 14.800000
v 37.985092 15.298703 13.800000
v 38.000000 15.000000 13.800000
v 37.388931 15.736888 14.300000
v 36.911144 15.589510 14.800000
v 36.938156 15.493515 14.800000
v 37.450432 15.495365 14.300000
v 36.960346 15.396293 14.800000
v 36.977661 15.298084 14.800000
v 37.487576 15.248919 14.300000
v 36.990063 15.199136 14.800000
v 36.997513 15.099691 14.800000
v 38.482609 14.651512 13.300000
v 38.430603 14.306488 13.300000
v 36.990063 14.800864 14.800000
v -53.349998 30.000000 12.800000
v -53.349998 30.000000 15.000000
v 53.349998 30.000000 15.000000
v 53.349998 30.000000 12.800000
v 50.849998 -0.000000 -15.000000
v 50.849998 0.000000 12.800000
v -50.849998 0.000000 -15.000000
v -49.599998 -0.000000 -12.800000
v 49.599998 -0.000000 -12.800000
v 49.599998 -3.000000 -12.800000
v -49.599998 -3.000000 -12.800000
v -53.349998 -3.000000 -15.000000
v -49.599998 -3.000000 12.800000
v -53.349998 -3.000000 15.000000
v 53.349998 -3.000000 -15.000000
v -32.235573 13.834696 13.800000
v -32.133282 14.115734 13.800000
v -31.655495 13.968357 13.300000
v -32.549568 14.504635 14.300000
v -32.512424 14.751081 14.300000
v -32.014908 14.701297 13.800000
v -33.022339 14.701916 14.800000
v -33.039654 14.603707 14.800000
v -33.061844 14.506485 14.800000
v -32.059483 14.405561 13.800000
v -32.318844 12.750243 13.300000
v -31.500000 15.000000 13.300000
v -32.108166 13.028379 13.300000
v -32.365334 13.565238 13.800000
v -31.774834 13.640478 13.300000
v -31.926224 13.326111 13.300000
v -32.611069 14.263112 14.300000
v -33.088856 14.410490 14.800000
v -33.120613 14.315960 14.800000
v -32.556171 12.494466 13.300000
v -32.521282 13.310040 13.800000
v -32.696308 14.028913 14.300000
v -33.157047 14.223130 14.800000
v -33.198063 14.132233 14.800000
v -32.817787 12.263590 13.300000
v -33.002487 14.900309 14.800000
v -33.000000 15.000000 14.800000
v -32.500000 15.000000 14.300000
v -32.701866 13.071637 13.800000
v -32.804447 13.804365 14.300000
v -33.243557 14.043492 14.800000
v -33.293419 13.957129 14.800000
v -33.101089 12.059909 13.300000
v -32.905289 12.852400 13.800000
v -32.934402 13.591700 14.300000
v -33.347523 13.873360 14.800000
v -33.405735 13.792391 14.800000
v -33.403263 11.885448 13.300000
v -33.129532 12.654506 13.800000
v -33.084888 13.393031 14.300000
v -33.467911 13.714425 14.800000
v -33.533897 13.639654 14.800000
v -33.721306 11.741941 13.300000
v -33.372360 12.479922 13.800000
v -33.254410 13.210333 14.300000
v -33.603527 13.568266 14.800000
v -33.676628 13.500438 14.800000
v -34.052059 11.630816 13.300000
v -33.631367 12.330384 13.800000
v -33.441277 13.045422 14.300000
v -33.753021 13.436337 14.800000
v -33.832512 13.376124 14.800000
v -34.392231 11.553173 13.300000
v -33.903976 12.207378 13.800000
v -33.643635 12.899935 14.300000
v -33.914909 13.319948 14.800000
v -34.000000 13.267949 14.800000
v -34.738445 11.509787 13.300000
v -34.187477 12.112127 13.800000
v -33.859474 12.775320 14.300000
v -34.087578 13.220257 14.800000
v -34.177425 13.176989 14.800000
v -35.087257 11.501088 13.300000
v -34.479057 12.045577 13.800000
v -34.086647 12.672815 14.300000
v -34.269318 13.138252 14.800000
v -34.363026 13.104145 14.800000
v -35.435204 11.527163 13.300000
v -34.775810 12.008389 13.800000
v -34.322899 12.593439 14.300000
v -34.458321 13.074752 14.800000
v -34.554958 13.050144 14.800000
v -35.778824 11.587752 13.300000
v -35.074791 12.000933 13.800000
v -34.565880 12.537981 14.300000
v -34.652702 13.030384 14.800000
v -34.751312 13.015522 14.800000
v -36.114704 11.682254 13.300000
v -35.373032 12.023282 13.800000
v -34.813175 12.506990 14.300000
v -34.850540 13.005592 14.800000
v -34.950138 13.000622 14.800000
v -36.439507 11.809730 13.300000
v -35.667564 12.075216 13.800000
v -35.062328 12.500777 14.300000
v -35.049862 13.000622 14.800000
v -35.149460 13.005592 14.800000
v -36.750000 11.968911 13.300000
v -35.955460 12.156218 13.800000
v -35.310860 12.519402 14.300000
v -35.248688 13.015522 14.800000
v -35.347298 13.030384 14.800000
v -37.043102 12.158217 13.300000
v -36.233860 12.265483 13.800000
v -35.556301 12.562680 14.300000
v -35.445042 13.050144 14.800000
v -35.541679 13.074752 14.800000
v -37.315899 12.375766 13.300000
v -36.500000 12.401924 13.800000
v -35.796215 12.630181 14.300000
v -35.636974 13.104145 14.800000
v -35.730682 13.138252 14.800000
v -37.565681 12.619395 13.300000
v -36.751232 12.564186 13.800000
v -36.028217 12.721235 14.300000
v -35.822575 13.176989 14.800000
v -35.912422 13.220257 14.800000
v -37.789963 12.886684 13.300000
v -36.985058 12.750656 13.800000
v -36.250000 12.834936 14.300000
v -36.000000 13.267949 14.800000
v -36.085091 13.319948 14.800000
v -37.986519 13.174976 13.300000
v -37.199154 12.959482 13.800000
v -36.459358 12.970155 14.300000
v -36.167488 13.376124 14.800000
v -36.246979 13.436337 14.800000
v -38.153393 13.481407 13.300000
v -37.391399 13.188587 13.800000
v -36.654213 13.125547 14.300000
v -36.323372 13.500438 14.800000
v -36.396473 13.568266 14.800000
v -38.288925 13.802930 13.300000
v -37.559872 13.435695 13.800000
v -36.832630 13.299568 14.300000
v -36.466103 13.639654 14.800000
v -36.532089 13.714425 14.800000
v -38.391769 14.136349 13.300000
v -37.702908 13.698349 13.800000
v -36.992832 13.490489 14.300000
v -36.594265 13.792391 14.800000
v -36.652477 13.873360 14.800000
v -38.460907 14.478352 13.300000
v -37.819077 13.973940 13.800000
v -37.133228 13.696412 14.300000
v -36.706581 13.957129 14.800000
v -36.756443 14.043492 14.800000
v -38.495647 14.825540 13.300000
v -37.907230 14.259727 13.800000
v -37.252422 13.915291 14.300000
v -36.801937 14.132233 14.800000
v -36.842953 14.223130 14.800000
v -38.495647 15.174460 13.300000
v -37.966492 14.552874 13.800000
v -37.349232 14.144950 14.300000
v -36.879387 14.315960 14.800000
v -36.911144 14.410490 14.800000
v -38.460907 15.521648 13.300000
v -37.996269 14.850462 13.800000
v -37.422691 14.383106 14.300000
v -36.938156 14.506485 14.800000
v -36.960346 14.603707 14.800000
v -38.391769 15.863651 13.300000
v -37.996269 15.149538 13.800000
v -37.472076 14.627395 14.300000
v -36.977661 14.701916 14.800000
v -36.990063 14.800864 14.800000
v -38.288925 16.197071 13.300000
v -37.966492 15.447126 13.800000
v -37.496891 14.875385 14.300000
v -36.997513 14.900309 14.800000
v -37.000000 15.000000 14.800000
v -38.153393 16.518593 13.300000
v -37.907230 15.740273 13.800000
v -37.496891 15.124615 14.300000
v -36.997513 15.099691 14.800000
v -36.990063 15.199136 14.800000
v -37.986519 16.825024 13.300000
v -37.819077 16.026060 13.800000
v -37.472076 15.372605 14.300000
v -36.977661 15.298084 14.800000
v -36.960346 15.396293 14.800000
v -37.789963 17.113316 13.300000
v -37.702908 16.301651 13.800000
v -37.422691 15.616894 14.300000
v -36.938156 15.493515 14.800000
v -36.911144 15.589510 14.800000
v -37.565681 17.380604 13.300000
v -37.559872 16.564306 13.800000
v -37.349232 15.855050 14.300000
v -36.879387 15.684040 14.800000
v -36.842953 15.776870 14.800000
v -37.315899 17.624235 13.300000
v -37.391399 16.811413 13.800000
v -37.252422 16.084709 14.300000
v -36.801937 15.867767 14.800000
v -36.756443 15.956508 14.800000
v -37.043102 17.841784 13.300000
v -37.199154 17.040518 13.800000
v -37.133228 16.303589 14.300000
v -36.706581 16.042870 14.800000
v -36.652477 16.126640 14.800000
v -36.750000 18.031090 13.300000
v -36.985058 17.249344 13.800000
v -36.992832 16.509512 14.300000
v -36.594265 16.207609 14.800000
v -36.532089 16.285576 14.800000
v -36.439507 18.190271 13.300000
v -36.751232 17.435814 13.800000
v -36.832630 16.700432 14.300000
v -36.466103 16.360346 14.800000
v -36.396473 16.431734 14.800000
v -36.114704 18.317745 13.300000
v -36.500000 17.598076 13.800000
v -36.654213 16.874453 14.300000
v -36.323372 16.499563 14.800000
v -36.246979 16.563663 14.800000
v -35.778824 18.412249 13.300000
v -36.233860 17.734518 13.800000
v -36.459358 17.029844 14.300000
v -36.167488 16.623877 14.800000
v -36.085091 16.680052 14.800000
v -35.435204 18.472837 13.300000
v -35.955460 17.843782 13.800000
v -36.250000 17.165064 14.300000
v -36.000000 16.732050 14.800000
v -35.912422 16.779743 14.800000
v -35.087257 18.498913 13.300000
v -35.667564 17.924784 13.800000
v -36.028217 17.278765 14.300000
v -35.822575 16.823011 14.800000
v -35.730682 16.861748 14.800000
v -34.738445 18.490213 13.300000
v -35.373032 17.976717 13.800000
v -35.796215 17.369818 14.300000
v -35.636974 16.895855 14.800000
v -35.541679 16.925249 14.800000
v -34.392231 18.446827 13.300000
v -35.074791 17.999067 13.800000
v -35.556301 17.437321 14.300000
v -35.445042 16.949856 14.800000
v -35.347298 16.969616 14.800000
v -34.052059 18.369184 13.300000
v -34.775810 17.991611 13.800000
v -35.310860 17.480598 14.300000
v -35.248688 16.984478 14.800000
v -35.149460 16.994408 14.800000
v -33.721306 18.258059 13.300000
v -34.479057 17.954424 13.800000
v -35.062328 17.499224 14.300000
v -35.049862 16.999378 14.800000
v -34.950138 16.999378 14.800000
v -33.403263 18.114552 13.300000
v -34.187477 17.887873 13.800000
v -34.813175 17.493010 14.300000
v -34.850540 16.994408 14.800000
v -34.751312 16.984478 14.800000
v -33.101089 17.940090 13.300000
v -33.903976 17.792622 13.800000
v -34.565880 17.462019 14.300000
v -34.652702 16.969616 14.800000
v -34.554958 16.949856 14.800000
v -32.817787 17.736410 13.300000
v -33.631367 17.669615 13.800000
v -34.322899 17.406561 14.300000
v -34.458321 16.925249 14.800000
v -34.363026 16.895855 14.800000
v -32.556171 17.505533 13.300000
v -33.372360 17.520079 13.800000
v -34.086647 17.327185 14.300000
v -34.269318 16.861748 14.800000
v -34.177425 16.823011 14.800000
v -32.318844 17.249756 13.300000
v -33.129532 17.345495 13.800000
v -33.859474 17.224680 14.300000
v -34.087578 16.779743 14.800000
v -34.000000 16.732050 14.800000
v -32.108166 16.971621 13.300000
v -32.905289 17.147600 13.800000
v -33.643635 17.100065 14.300000
v -33.914909 16.680052 14.800000
v -33.832512 16.623877 14.800000
v -31.926224 16.673889 13.300000
v -32.701866 16.928362 13.800000
v -33.441277 16.954578 14.300000
v -33.753021 16.563663 14.800000
v -33.676628 16.499563 14.800000
v -31.774834 16.359522 13.300000
v -32.521282 16.689960 13.800000
v -33.254410 16.789667 14.300000
v -33.603527 16.431734 14.800000
v -33.533897 16.360346 14.800000
v -31.655495 16.031643 13.300000
v -32.365334 16.434761 13.800000
v -33.084888 16.606970 14.300000
v -33.467911 16.285576 14.800000
v -33.405735 16.207609 14.800000
v -31.569397 15.693512 13.300000
v -32.235573 16.165304 13.800000
v -32.934402 16.408300 14.300000
v -33.347523 16.126640 14.800000
v -33.293419 16.042870 14.800000
v -31.517393 15.348488 13.300000
v -32.000000 15.000000 13.800000
v -32.133282 15.884266 13.800000
v -32.804447 16.195635 14.300000
v -33.243557 15.956508 14.800000
v -33.198063 15.867767 14.800000
v -32.059483 15.594439 13.800000
v -32.696308 15.971087 14.300000
v -33.157047 15.776870 14.800000
v -33.120613 15.684040 14.800000
v -32.014908 15.298703 13.800000
v -32.611069 15.736888 14.300000
v -33.088856 15.589510 14.800000
v -33.061844 15.493515 14.800000
v -32.549568 15.495365 14.300000
v -33.039654 15.396293 14.800000
v -33.022339 15.298084 14.800000
v -32.512424 15.248919 14.300000
v -33.009937 15.199136 14.800000
v -33.002487 15.099691 14.800000
v -31.517393 14.651512 13.300000
v -31.569397 14.306488 13.300000
v -33.009937 14.800864 14.800000
v 37.000000 15.000000 15.000000
v 36.997513 14.900309 15.000000
v 36.990063 14.800864 15.000000
v 36.977661 14.701916 15.000000
v 36.960346 14.603707 15.000000
v 36.938156 14.506485 15.000000
v 36.911144 14.410490 15.000000
v 36.879387 14.315960 15.000000
v 36.842953 14.223130 15.000000
v 36.801937 14.132233 15.000000
v 36.756443 14.043492 15.000000
v 36.706581 13.957129 15.000000
v 36.652477 13.873360 15.000000
v 36.594265 13.792391 15.000000
v 36.532089 13.714425 15.000000
v 36.466103 13.639654 15.000000
v 36.396473 13.568266 15.000000
v 36.323372 13.500438 15.000000
v 36.246979 13.436337 15.000000
v 36.167488 13.376124 15.000000
v 36.085091 13.319948 15.000000
v 36.000000 13.267949 15.000000
v 35.912422 13.220257 15.000000
v 35.822575 13.176989 15.000000
v 35.730682 13.138252 15.000000
v 35.636974 13.104145 15.000000
v 35.541679 13.074752 15.000000
v 35.445042 13.050144 15.000000
v 35.347298 13.030384 15.000000
v 35.248688 13.015522 15.000000
v 35.149460 13.005592 15.000000
v 35.049862 13.000622 15.000000
v 34.950138 13.000622 15.000000
v 34.850540 13.005592 15.000000
v 34.751312 13.015522 15.000000
v 34.652702 13.030384 15.000000
v 34.554958 13.050144 15.000000
v 34.458321 13.074752 15.000000
v 34.363026 13.104145 15.000000
v 34.269318 13.138252 15.000000
v 34.177425 13.176989 15.000000
v 34.087578 13.220257 15.000000
v 34.000000 13.267949 15.000000
v 33.914909 13.319948 15.000000
v 33.832512 13.376124 15.000000
v 33.753021 13.436337 15.000000
v 33.676628 13.500438 15.000000
v 33.603527 13.568266 15.000000
v 33.533897 13.639654 15.000000
v 33.467911 13.714425 15.000000
v 33.405735 13.792391 15.000000
v 33.347523 13.873360 15.000000
v 33.293419 13.957129 15.000000
v 33.243557 14.043492 15.000000
v 33.198063 14.132233 15.000000
v 33.157047 14.223130 15.000000
v 33.120613 14.315960 15.000000
v 33.088856 14.410490 15.000000
v 33.061844 14.506485 15.000000
v 33.039654 14.603707 15.000000
v 33.022339 14.701916 15.000000
v 33.009937 14.800864 15.000000
v 33.002487 14.900309 15.000000
v 33.000000 15.000000 15.000000
v 33.002487 15.099691 15.000000
v 33.009937 15.199136 15.000000
v 33.022339 15.298084 15.000000
v 33.039654 15.396293 15.000000
v 33.061844 15.493515 15.000000
v 33.088856 15.589510 15.000000
v 33.120613 15.684040 15.000000
v 33.157047 15.776870 15.000000
v 33.198063 15.867767 15.000000
v 33.243557 15.956508 15.000000
v 33.293419 16.042870 15.000000
v 33.347523 16.126640 15.000000
v 33.405735 16.207609 15.000000
v 33.467911 16.285576 15.000000
v 33.533897 16.360346 15.000000
v 33.603527 16.431734 15.000000
v 33.676628 16.499563 15.000000
v 33.753021 16.563663 15.000000
v 33.832512 16.623877 15.000000
v 33.914909 16.680052 15.000000
v 34.000000 16.732050 15.000000
v 34.087578 16.779743 15.000000
v 34.177425 16.823011 15.000000
v 34.269318 16.861748 15.000000
v 34.363026 16.895855 15.000000
v 34.458321 16.925249 15.000000
v 34.554958 16.949856 15.000000
v 34.652702 16.969616 15.000000
v 34.751312 16.984478 15.000000
v 34.850540 16.994408 15.000000
v 34.950138 16.999378 15.000000
v 35.049862 16.999378 15.000000
v 35.149460 16.994408 15.000000
v 35.248688 16.984478 15.000000
v 35.347298 16.969616 15.000000
v 35.445042 16.949856 15.000000
v 35.541679 16.925249 15.000000
v 35.636974 16.895855 15.000000
v 35.730682 16.861748 15.000000
v 35.822575 16.823011 15.000000
v 35.912422 16.779743 15.000000
v 36.000000 16.732050 15.000000
v 36.085091 16.680052 15.000000
v 36.167488 16.623877 15.000000
v 36.246979 16.563663 15.000000
v 36.323372 16.499563 15.000000
v 36.396473 16.431734 15.000000
v 36.466103 16.360346 15.000000
v 36.532089 16.285576 15.000000
v 36.594265 16.207609 15.000000
v 36.652477 16.126640 15.000000
v 36.706581 16.042870 15.000000
v 36.756443 15.956508 15.000000
v 36.801937 15.867767 15.000000
v 36.842953 15.776870 15.000000
v 36.879387 15.684040 15.000000
v 36.911144 15.589510 15.000000
v 36.938156 15.493515 15.000000
v 36.960346 15.396293 15.000000
v 36.977661 15.298084 15.000000
v 36.990063 15.199136 15.000000
v 36.997513 15.099691 15.000000
v 53.349998 -3.000000 15.000000
v 53.349998 -0.000000 -15.000000
v -53.349998 0.000000 -15.000000
v -36.466103 16.360346 15.000000
v -36.396473 16.431734 15.000000
v -36.323372 16.499563 15.000000
v -36.532089 16.285576 15.000000
v -36.246979 16.563663 15.000000
v -36.594265 16.207609 15.000000
v -36.167488 16.623877 15.000000
v -36.652477 16.126640 15.000000
v -36.085091 16.680052 15.000000
v -36.706581 16.042870 15.000000
v -36.000000 16.732050 15.000000
v -36.756443 15.956508 15.000000
v -35.912422 16.779743 15.000000
v -36.801937 15.867767 15.000000
v -35.822575 16.823011 15.000000
v -36.842953 15.776870 15.000000
v -35.730682 16.861748 15.000000
v -36.879387 15.684040 15.000000
v -35.636974 16.895855 15.000000
v -36.911144 15.589510 15.000000
v -35.541679 16.925249 15.000000
v -36.938156 15.493515 15.000000
v -35.445042 16.949856 15.000000
v -36.960346 15.396293 15.000000
v -35.347298 16.969616 15.000000
v -36.977661 15.298084 15.000000
v -35.248688 16.984478 15.000000
v -36.990063 15.199136 15.000000
v -35.149460 16.994408 15.000000
v -36.997513 15.099691 15.000000
v -35.049862 16.999378 15.000000
v -37.000000 15.000000 15.000000
v -34.950138 16.999378 15.000000
v -36.997513 14.900309 15.000000
v -34.850540 16.994408 15.000000
v -36.990063 14.800864 15.000000
v -34.751312 16.984478 15.000000
v -34.652702 16.969616 15.000000
v -34.554958 16.949856 15.000000
v -34.458321 16.925249 15.000000
v -34.363026 16.895855 15.000000
v -34.269318 16.861748 15.000000
v -34.177425 16.823011 15.000000
v -34.087578 16.779743 15.000000
v -36.594265 13.792391 15.000000
v -36.652477 13.873360 15.000000
v -36.706581 13.957129 15.000000
v -36.756443 14.043492 15.000000
v -36.801937 14.132233 15.000000
v -36.842953 14.223130 15.000000
v -36.879387 14.315960 15.000000
v -36.911144 14.410490 15.000000
v -36.938156 14.506485 15.000000
v -36.960346 14.603707 15.000000
v -36.977661 14.701916 15.000000
v -36.532089 13.714425 15.000000
v -36.466103 13.639654 15.000000
v -36.396473 13.568266 15.000000
v -36.323372 13.500438 15.000000
v -36.246979 13.436337 15.000000
v -36.167488 13.376124 15.000000
v -36.085091 13.319948 15.000000
v -36.000000 13.267949 15.000000
v -35.912422 13.220257 15.000000
v -35.822575 13.176989 15.000000
v -35.730682 13.138252 15.000000
v -35.636974 13.104145 15.000000
v -35.541679 13.074752 15.000000
v -35.445042 13.050144 15.000000
v -35.347298 13.030384 15.000000
v -35.248688 13.015522 15.000000
v -35.149460 13.005592 15.000000
v -35.049862 13.000622 15.000000
v -34.950138 13.000622 15.000000
v -34.850540 13.005592 15.000000
v -34.751312 13.015522 15.000000
v -34.652702 13.030384 15.000000
v -34.554958 13.050144 15.000000
v -34.458321 13.074752 15.000000
v -34.363026 13.104145 15.000000
v -34.269318 13.138252 15.000000
v -34.177425 13.176989 15.000000
v -34.087578 13.220257 15.000000
v -34.000000 13.267949 15.000000
v -33.603527 16.431734 15.000000
v -33.533897 16.360346 15.000000
v -33.676628 16.499563 15.000000
v -33.467911 16.285576 15.000000
v -33.405735 16.207609 15.000000
v -33.753021 16.563663 15.000000
v -33.832512 16.623877 15.000000
v -33.347523 16.126640 15.000000
v -33.914909 16.680052 15.000000
v -33.293419 16.042870 15.000000
v -34.000000 16.732050 15.000000
v -33.243557 15.956508 15.000000
v -33.198063 15.867767 15.000000
v -33.157047 15.776870 15.000000
v -33.120613 15.684040 15.000000
v -33.088856 15.589510 15.000000
v -33.061844 15.493515 15.000000
v -33.039654 15.396293 15.000000
v -33.022339 15.298084 15.000000
v -33.009937 15.199136 15.000000
v -33.002487 15.099691 15.000000
v -33.000000 15.000000 15.000000
v -33.002487 14.900309 15.000000
v -33.009937 14.800864 15.000000
v -33.022339 14.701916 15.000000
v -33.039654 14.603707 15.000000
v -33.061844 14.506485 15.000000
v -33.088856 14.410490 15.000000
v -33.120613 14.315960 15.000000
v -33.157047 14.223130 15.000000
v -33.198063 14.132233 15.000000
v -33.243557 14.043492 15.000000
v -33.293419 13.957129 15.000000
v -33.347523 13.873360 15.000000
v -33.405735 13.792391 15.000000
v -33.467911 13.714425 15.000000
v -33.533897 13.639654 15.000000
v -33.603527 13.568266 15.000000
v -33.676628 13.500438 15.000000
v -33.753021 13.436337 15.000000
v -33.832512 13.376124 15.000000
v -33.914909 13.319948 15.000000
v -30.600000 -1.450000 -7.900000
v -45.400002 -1.450000 -9.900000
v -45.400002 -1.450000 -7.900000
v -30.600000 -1.450000 -9.900000
v -45.400002 2.200000 -9.900000
v -45.400002 5.200000 -9.900000
v -45.400002 -2.450000 -6.900000
v -45.400002 2.200000 -11.400000
v -45.400002 5.200000 -11.400000
v -45.400002 6.750000 -9.900000
v -45.400002 5.750000 -9.900000
v -45.400002 6.750000 -10.900000
v -45.400002 -3.000000 9.900000
v -45.400002 -3.000000 -6.900000
v -45.400002 2.200000 9.900000
v -45.400002 5.200000 9.900000
v -45.400002 5.750000 9.900000
v -45.400002 5.200000 11.400000
v -45.400002 2.200000 11.400000
v -45.400002 6.750000 9.900000
v -45.400002 6.750000 10.900000
v -30.600000 -2.450000 -6.900000
v -30.600000 2.200000 -9.900000
v -30.600000 5.750000 -9.900000
v -30.600000 6.750000 -9.900000
v -30.600000 6.750000 -10.900000
v -30.600000 5.200000 -9.900000
v -30.600000 5.200000 -11.400000
v -30.600000 2.200000 -11.400000
v -30.600000 5.750000 9.900000
v -30.600000 6.750000 10.900000
v -30.600000 6.750000 9.900000
v -30.600000 5.200000 9.900000
v -30.600000 2.200000 9.900000
v -30.600000 2.200000 11.400000
v -30.600000 5.200000 11.400000
v -30.600000 -3.000000 9.900000
v -30.600000 -3.000000 -6.900000
v -26.400000 -3.000000 12.900000
v -49.600002 -3.000000 12.900000
v -49.600002 -3.000000 -12.900000
v -26.400000 -3.000000 -12.900000
v -49.600002 6.750000 12.900000
v -26.400000 6.750000 12.900000
v -49.600002 6.750000 -12.900000
v -26.400000 6.750000 -12.900000
v -11.600000 -1.450000 -7.900000
v -26.400000 -1.450000 -9.900000
v -26.400000 -1.450000 -7.900000
v -11.600000 -1.450000 -9.900000
v -26.400000 2.200000 -9.900000
v -26.400000 5.200000 -9.900000
v -26.400000 -2.450000 -6.900000
v -26.400000 2.200000 -11.400000
v -26.400000 5.200000 -11.400000
v -26.400000 6.750000 -9.900000
v -26.400000 5.750000 -9.900000
v -26.400000 6.750000 -10.900000
v -26.400000 -3.000000 9.900000
v -26.400000 -3.000000 -6.900000
v -26.400000 2.200000 9.900000
v -26.400000 5.200000 9.900000
v -26.400000 5.750000 9.900000
v -26.400000 5.200000 11.400000
v -26.400000 2.200000 11.400000
v -26.400000 6.750000 9.900000
v -26.400000 6.750000 10.900000
v -11.600000 -2.450000 -6.900000
v -11.600000 2.200000 -9.900000
v -11.600000 5.750000 -9.900000
v -11.600000 6.750000 -9.900000
v -11.600000 6.750000 -10.900000
v -11.600000 5.200000 -9.900000
v -11.600000 5.200000 -11.400000
v -11.600000 2.200000 -11.400000
v -11.600000 5.750000 9.900000
v -11.600000 6.750000 10.900000
v -11.600000 6.750000 9.900000
v -11.600000 5.200000 9.900000
v -11.600000 2.200000 9.900000
v -11.600000 2.200000 11.400000
v -11.600000 5.200000 11.400000
v -11.600000 -3.000000 9.900000
v -11.600000 -3.000000 -6.900000
v -7.400000 -3.000000 12.900000
v -30.600000 -3.000000 12.900000
v -30.600000 -3.000000 -12.900000
v -7.400000 -3.000000 -12.900000
v -30.600000 6.750000 12.900000
v -7.400000 6.750000 12.900000
v -30.600000 6.750000 -12.900000
v -7.400000 6.750000 -12.900000
v 7.400000 -1.450000 -7.900000
v -7.400000 -1.450000 -9.900000
v -7.400000 -1.450000 -7.900000
v 7.400000 -1.450000 -9.900000
v -7.400000 2.200000 -9.900000
v -7.400000 5.200000 -9.900000
v -7.400000 -2.450000 -6.900000
v -7.400000 2.200000 -11.400000
v -7.400000 5.200000 -11.400000
v -7.400000 6.750000 -9.900000
v -7.400000 5.750000 -9.900000
v -7.400000 6.750000 -10.900000
v -7.400000 -3.000000 9.900000
v -7.400000 -3.000000 -6.900000
v -7.400000 2.200000 9.900000
v -7.400000 5.200000 9.900000
v -7.400000 5.750000 9.900000
v -7.400000 5.200000 11.400000
v -7.400000 2.200000 11.400000
v -7.400000 6.750000 9.900000
v -7.400000 6.750000 10.900000
v 7.400000 -2.450000 -6.900000
v 7.400000 2.200000 -9.900000
v 7.400000 5.750000 -9.900000
v 7.400000 6.750000 -9.900000
v 7.400000 6.750000 -10.900000
v 7.400000 5.200000 -9.900000
v 7.400000 5.200000 -11.400000
v 7.400000 2.200000 -11.400000
v 7.400000 5.750000 9.900000
v 7.400000 6.750000 10.900000
v 7.400000 6.750000 9.900000
v 7.400000 5.200000 9.900000
v 7.400000 2.200000 9.900000
v 7.400000 2.200000 11.400000
v 7.400000 5.200000 11.400000
v 7.400000 -3.000000 9.900000
v 7.400000 -3.000000 -6.900000
v 11.600000 -3.000000 12.900000
v -11.600000 -3.000000 12.900000
v -11.600000 -3.000000 -12.900000
v 11.600000 -3.000000 -12.900000
v -11.600000 6.750000 12.900000
v 11.600000 6.750000 12.900000
v -11.600000 6.750000 -12.900000
v 11.600000 6.750000 -12.900000
v 26.400000 -1.450000 -7.900000
v 11.599999 -1.450000 -9.900000
v 11.599999 -1.450000 -7.900000
v 26.400000 -1.450000 -9.900000
v 11.599999 2.200000 -9.900000
v 11.599999 5.200000 -9.900000
v 11.599999 -2.450000 -6.900000
v 11.599999 2.200000 -11.400000
v 11.599999 5.200000 -11.400000
v 11.599999 6.750000 -9.900000
v 11.599999 5.750000 -9.900000
v 11.599999 6.750000 -10.900000
v 11.599999 -3.000000 9.900000
v 11.599999 -3.000000 -6.900000
v 11.599999 2.200000 9.900000
v 11.599999 5.200000 9.900000
v 11.599999 5.750000 9.900000
v 11.599999 5.200000 11.400000
v 11.599999 2.200000 11.400000
v 11.599999 6.750000 9.900000
v 11.599999 6.750000 10.900000
v 26.400000 -2.450000 -6.900000
v 26.400000 2.200000 -9.900000
v 26.400000 5.750000 -9.900000
v 26.400000 6.750000 -9.900000
v 26.400000 6.750000 -10.900000
v 26.400000 5.200000 -9.900000
v 26.400000 5.200000 -11.400000
v 26.400000 2.200000 -11.400000
v 26.400000 5.750000 9.900000
v 26.400000 6.750000 10.900000
v 26.400000 6.750000 9.900000
v 26.400000 5.200000 9.900000
v 26.400000 2.200000 9.900000
v 26.400000 2.200000 11.400000
v 26.400000 5.200000 11.400000
v 26.400000 -3.000000 9.900000
v 26.400000 -3.000000 -6.900000
v 30.600000 -3.000000 12.900000
v 7.400000 -3.000000 12.900000
v 7.400000 -3.000000 -12.900000
v 30.600000 -3.000000 -12.900000
v 7.400000 6.750000 12.900000
v 30.600000 6.750000 12.900000
v 7.400000 6.750000 -12.900000
v 30.600000 6.750000 -12.900000
v 45.400002 -1.450000 -7.900000
v 30.600000 -1.450000 -9.900000
v 30.600000 -1.450000 -7.900000
v 45.400002 -1.450000 -9.900000
v 30.600000 2.200000 -9.900000
v 30.600000 5.200000 -9.900000
v 30.600000 -2.450000 -6.900000
v 30.600000 2.200000 -11.400000
v 30.600000 5.200000 -11.400000
v 30.600000 6.750000 -9.900000
v 30.600000 5.750000 -9.900000
v 30.600000 6.750000 -10.900000
v 30.600000 -3.000000 9.900000
v 30.600000 -3.000000 -6.900000
v 30.600000 2.200000 9.900000
v 30.600000 5.200000 9.900000
v 30.600000 5.750000 9.900000
v 30.600000 5.200000 11.400000
v 30.600000 2.200000 11.400000
v 30.600000 6.750000 9.900000
v 30.600000 6.750000 10.900000
v 45.400002 -2.450000 -6.900000
v 45.400002 2.200000 -9.900000
v 45.400002 5.750000 -9.900000
v 45.400002 6.750000 -9.900000
v 45.400002 6.750000 -10.900000
v 45.400002 5.200000 -9.900000
v 45.400002 5.200000 -11.400000
v 45.400002 2.200000 -11.400000
v 45.400002 5.750000 9.900000
v 45.400002 6.750000 10.900000
v 45.400002 6.750000 9.900000
v 45.400002 5.200000 9.900000
v 45.400002 2.200000 9.900000
v 45.400002 2.200000 11.400000
v 45.400002 5.200000 11.400000
v 45.400002 -3.000000 9.900000
v 45.400002 -3.000000 -6.900000
v 49.599998 -3.000000 12.900000
v 26.400000 -3.000000 12.900000
v 26.400000 -3.000000 -12.900000
v 49.599998 -3.000000 -12.900000
v 26.400000 6.750000 12.900000
v 49.599998 6.750000 12.900000
v 26.400000 6.750000 -12.900000
v 49.599998 6.750000 -12.900000
vn 0.000000 -0.000000 -1.000000
vn -0.000000 0.000000 -1.000000
vn 0.000000 -0.000000 -1.000000
vn -0.000000 0.000000 -1.000000
vn 0.000000 -0.000000 -1.000000
vn -0.000000 0.000000 -1.000000
vn 0.000000 -0.000000 -1.000000
vn -0.000000 0.000000 -1.000000
vn 0.000000 -0.000000 -1.000000
vn -0.000000 0.000000 -1.000000
vn 0.000000 -0.000000 -1.000000
vn -0.000000 0.000000 -1.000000
vn 0.000000 -0.000000 -1.000000
vn -0.000000 0.000000 -1.000000
vn 0.000000 -0.000000 -1.000000
vn -0.000000 0.000000 -1.000000
vn 0.000000 -0.000000 -1.000000
vn -0.000000 0.000000 -1.000000
vn 0.000000 -0.000000 -1.000000
vn -0.000000 0.000000 -1.000000
vn 0.000000 -0.000000 -1.000000
vn -0.000000 0.000000 -1.000000
vn 0.000000 -0.000000 -1.000000
vn 0.000000 0.000000 -1.000000
vn -0.000000 0.000000 -1.000000
vn 0.000000 -0.000000 -1.000000
vn -0.000000 0.000000 -1.000000
vn 0.000000 0.000000 -1.000000
vn 0.000000 -0.000000 -1.000000
vn -0.000000 0.000000 -1.000000
vn 0.000000 -0.000000 -1.000000
vn -0.000000 0.000000 -1.000000
vn 0.000000 -0.000000 -1.000000
vn -0.000000 0.000000 -1.000000
vn 0.000000 0.000000 -1.000000
vn 0.000000 0.000000 -1.000000
vn 0.000000 0.000000 -1.000000
vn 0.000000 0.000000 -1.000000
vn 0.000000 0.000000 -1.000000
vn 0.000000 0.000000 -1.000000
vn 0.000000 0.000000 -1.000000
vn 0.000000 0.000000 -1.000000
vn 0.000000 0.000000 -1.000000
vn 0.000000 0.000000 -1.000000
vn 0.000000 0.000000 -1.000000
vn 0.000000 0.000000 -1.000000
vn 0.000000 0.000000 -1.000000
vn 0.000000 0.000000 -1.000000
vn 0.000000 0.000000 -1.000000
vn 0.000000 0.000000 -1.000000
vn 0.000000 0.000000 -1.000000
vn 0.000000 0.000000 -1.000000
vn 0.000000 0.000000 -1.000000
vn 0.000000 0.000000 -1.000000
vn 0.000000 0.000000 -1.000000
vn 0.000000 0.000000 -1.000000
vn 0.000000 0.000000 -1.000000
vn -0.000000 0.000000 -1.000000
vn -0.000000 0.000000 -1.000000
vn -0.000000 0.000000 -1.000000
vn -0.000000 0.000000 -1.000000
vn -0.000000 0.000000 -1.000000
vn -0.000000 0.000000 -1.000000
vn -0.000000 0.000000 -1.000000
vn -0.000000 0.000000 -1.000000
vn -0.000000 0.000000 -1.000000
vn -0.000000 0.000000 -1.000000
vn -0.000000 0.000000 -1.000000
vn -0.000000 0.000000 -1.000000
vn -0.000000 0.000000 -1.000000
vn -0.000000 0.000000 -1.000000
vn -0.000000 0.000000 -1.000000
vn -0.000000 0.000000 -1.000000
vn -0.000000 0.000000 -1.000000
vn -0.000000 0.000000 -1.000000
vn -0.000000 0.000000 -1.000000
vn 0.000000 0.000000 -1.000000
vn 0.000000 0.000000 -1.000000
vn 0.000000 0.000000 -1.000000
vn 0.000000 0.000000 -1.000000
vn 0.000000 0.000000 -1.000000
vn 0.000000 0.000000 -1.000000
vn 0.000000 0.000000 -1.000000
vn 0.000000 0.000000 -1.000000
vn 0.000000 0.000000 -1.000000
vn 0.000000 -0.000000 -1.000000
vn 0.000000 0.000000 -1.000000
vn -0.000000 0.000000 -1.000000
vn 0.000000 0.000000 -1.000000
vn 0.000000 0.000000 -1.000000
vn -0.000000 -0.000000 -1.000000
vn 0.000000 0.000000 -1.000000
vn 0.000000 0.000000 -1.000000
vn -0.000000 0.000000 -1.000000
vn 0.000000 0.000000 -1.000000
vn -0.000000 0.000000 -1.000000
vn 0.000000 -0.000000 -1.000000
vn 0.000000 0.000000 -1.000000
vn -0.000000 -0.000000 -1.000000
vn 0.000000 0.000000 -1.000000
vn 0.000000 0.000000 -1.000000
vn 0.000000 -0.000000 -1.000000
vn -0.000000 0.000000 -1.000000
vn 0.000000 0.000000 -1.000000
vn 0.000000 0.000000 -1.000000
vn 0.000000 -0.000000 -1.000000
vn 0.000000 0.000000 -1.000000
vn -0.000000 0.000000 -1.000000
vn -0.000000 -0.000000 -1.000000
vn -0.000000 0.000000 -1.000000
vn 0.000000 -0.000000 -1.000000
vn 0.000000 -0.000000 -1.000000
vn 0.000000 0.000000 -1.000000
vn -0.000000 0.000000 -1.000000
vn -0.000000 -0.000000 -1.000000
vn 0.000000 0.000000 -1.000000
vn -0.000000 0.000000 -1.000000
vn 0.000000 -0.000000 -1.000000
vn -0.000000 -0.000000 -1.000000
vn -0.000000 0.000000 -1.000000
vn 0.000000 -0.000000 -1.000000
vn 0.000000 0.000000 -1.000000
vn -0.000000 0.000000 -1.000000
vn 0.000000 -0.000000 -1.000000
vn -0.000000 -0.000000 -1.000000
vn -0.000000 0.000000 -1.000000
vn 0.000000 -0.000000 -1.000000
vn -0.000000 0.000000 -1.000000
vn 0.000000 0.000000 -1.000000
vn 0.000000 0.000000 -1.000000
vn -0.000000 0.000000 -1.000000
vn 0.000000 0.000000 -1.000000
vn 0.000000 0.000000 -1.000000
vn 0.000000 0.000000 -1.000000
vn 0.000000 0.000000 -1.000000
vn 0.000000 0.000000 -1.000000
vn 0.000000 0.000000 -1.000000
vn 0.000000 0.000000 -1.000000
vn 0.000000 0.000000 -1.000000
vn 0.000000 0.000000 -1.000000
vn 0.000000 0.000000 -1.000000
vn 0.000000 0.000000 -1.000000
vn 0.000000 0.000000 -1.000000
vn 0.000000 0.000000 -1.000000
vn 0.000000 0.000000 -1.000000
vn 0.000000 0.000000 -1.000000
vn 0.000000 0.000000 -1.000000
vn -0.000000 0.000000 -1.000000
vn 0.000000 0.000000 -1.000000
vn -0.000000 0.000000 -1.000000
vn 0.000000 0.000000 -1.000000
vn 0.000000 0.000000 -1.000000
vn -0.000000 0.000000 -1.000000
vn -0.000000 0.000000 -1.000000
vn 0.000000 0.000000 -1.000000
vn 0.000000 0.000000 -1.000000
vn -0.000000 0.000000 -1.000000
vn -0.000000 0.000000 -1.000000
vn 0.000000 0.000000 -1.000000
vn 0.000000 0.000000 -1.000000
vn -0.000000 0.000000 -1.000000
vn -0.000000 0.000000 -1.000000
vn 0.000000 0.000000 -1.000000
vn -0.000000 0.000000 -1.000000
vn 0.000000 0.000000 -1.000000
vn -0.000000 0.000000 -1.000000
vn -0.000000 0.000000 -1.000000
vn 0.000000 0.000000 -1.000000
vn 0.000000 0.000000 -1.000000
vn -0.000000 0.000000 -1.000000
vn 0.000000 0.000000 -1.000000
vn 0.000000 0.000000 -1.000000
vn 0.000000 0.000000 -1.000000
vn 0.000000 0.000000 -1.000000
vn 0.000000 0.000000 -1.000000
vn 0.000000 0.000000 -1.000000
vn 0.000000 0.000000 -1.000000
vn 0.000000 0.000000 -1.000000
vn 0.000000 0.000000 -1.000000
vn 0.000000 0.000000 -1.000000
vn 0.000000 0.000000 -1.000000
vn -0.000000 -0.000000 -1.000000
vn 0.000000 -0.000000 -1.000000
vn 0.000000 0.000000 -1.000000
vn -0.000000 0.000000 -1.000000
vn 0.000000 -0.000000 -1.000000
vn 0.000000 0.000000 -1.000000
vn 0.000000 0.000000 -1.000000
vn -0.000000 0.000000 -1.000000
vn 0.000000 -0.000000 -1.000000
vn 0.000000 0.000000 -1.000000
vn -0.000000 0.000000 -1.000000
vn 0.000000 -0.000000 -1.000000
vn -0.000000 0.000000 -1.000000
vn 0.000000 -0.000000 -1.000000
vn 0.000000 0.000000 -1.000000
vn -0.000000 0.000000 -1.000000
vn 0.000000 0.000000 -1.000000
vn 0.000000 -0.000000 -1.000000
vn -0.000000 0.000000 -1.000000
vn 0.000000 -0.000000 -1.000000
vn 0.000000 0.000000 -1.000000
vn 0.000000 0.000000 -1.000000
vn -0.000000 0.000000 -1.000000
vn 0.000000 -0.000000 -1.000000
vn -0.000000 0.000000 -1.000000
vn 0.000000 -0.000000 -1.000000
vn -0.000000 0.000000 -1.000000
vn 0.000000 0.000000 -1.000000
vn 0.000000 0.000000 -1.000000
vn 0.000000 -0.000000 -1.000000
vn 0.000000 -0.000000 -1.000000
vn 0.000000 -0.000000 -1.000000
vn 0.000000 -0.000000 -1.000000
vn 0.000000 0.000000 -1.000000
vn 0.000000 -0.000000 -1.000000
vn 0.000000 -0.000000 -1.000000
vn 0.000000 -0.000000 -1.000000
vn 0.000000 -0.000000 -1.000000
vn 0.000000 -0.000000 -1.000000
vn 0.000000 0.000000 -1.000000
vn 0.000000 0.000000 -1.000000
vn 0.000000 0.000000 -1.000000
vn 0.000000 0.000000 -1.000000
vn 0.000000 0.000000 -1.000000
vn 0.000000 0.000000 -1.000000
vn 0.000000 0.000000 -1.000000
vn 0.000000 0.000000 -1.000000
vn 0.000000 0.000000 -1.000000
vn 0.000000 0.000000 -1.000000
vn 0.000000 0.000000 -1.000000
vn 0.000000 0.000000 -1.000000
vn 0.000000 0.000000 -1.000000
vn 0.000000 0.000000 -1.000000
vn 0.000000 -0.000000 -1.000000
vn 0.000000 0.000000 -1.000000
vn 0.000000 0.000000 -1.000000
vn 0.000000 0.000000 -1.000000
vn 0.000000 0.000000 -1.000000
vn 0.000000 0.000000 -1.000000
vn 0.000000 0.000000 -1.000000
vn 0.000000 0.000000 -1.000000
vn 0.000000 0.000000 -1.000000
vn 0.000000 0.000000 -1.000000
vn 0.000000 0.000000 -1.000000
vn 0.000000 0.000000 -1.000000
vn 0.000000 0.000000 -1.000000
vn 0.000000 0.000000 -1.000000
vn 0.000000 0.000000 -1.000000
vn 0.000000 0.000000 -1.000000
vn 0.000000 0.000000 -1.000000
vn 0.000000 0.000000 -1.000000
vn 0.000000 0.000000 -1.000000
vn 0.000000 0.000000 -1.000000
vn 0.000000 0.000000 -1.000000
vn -0.000000 0.000000 -1.000000
vn 0.000000 0.000000 -1.000000
vn 0.000000 0.000000 -1.000000
vn 0.000000 0.000000 -1.000000
vn 0.000000 0.000000 -1.000000
vn 0.000000 0.000000 -1.000000
vn 0.000000 0.000000 -1.000000
vn -0.664875 0.241998 -0.706667
vn -0.699643 0.105449 -0.706668
vn -0.701386 0.105711 -0.704899
vn -0.696475 0.122794 -0.706996
vn -0.689486 0.157369 -0.706996
vn -0.699644 0.105454 -0.706666
vn -0.552926 0.440940 -0.706997
vn -0.530258 0.467955 -0.706997
vn -0.706997 0.017625 -0.706997
vn -0.561213 0.425098 -0.710163
vn -0.637479 0.306991 -0.706666
vn -0.637480 0.306986 -0.706668
vn -0.687374 0.175031 -0.704898
vn -0.685667 0.174596 -0.706666
vn -0.680777 0.191563 -0.706998
vn -0.670396 0.225219 -0.706998
vn -0.685667 0.174592 -0.706667
vn -0.506268 0.493810 -0.706996
vn -0.481033 0.518424 -0.706996
vn -0.516094 0.478867 -0.710164
vn -0.603743 0.368940 -0.706666
vn -0.603742 0.368944 -0.706665
vn -0.664877 0.241999 -0.706665
vn -0.658326 0.258382 -0.706998
vn -0.644629 0.290875 -0.706998
vn -0.664878 0.241989 -0.706668
vn -0.666534 0.242592 -0.704898
vn -0.454587 0.541762 -0.706997
vn -0.427026 0.563741 -0.706997
vn -0.706997 0.017639 -0.706997
vn -0.465850 0.527875 -0.710164
vn -0.564008 0.427222 -0.706665
vn -0.564010 0.427217 -0.706667
vn -0.637479 0.306986 -0.706669
vn -0.629334 0.322638 -0.706996
vn -0.612467 0.353610 -0.706996
vn -0.603741 0.368939 -0.706669
vn -0.639061 0.307763 -0.704900
vn -0.637476 0.307000 -0.706665
vn -0.398386 0.584332 -0.706997
vn -0.368768 0.603461 -0.706997
vn -0.410977 0.571633 -0.710164
vn -0.518668 0.481255 -0.706667
vn -0.518668 0.481254 -0.706667
vn -0.605248 0.369854 -0.704899
vn -0.603745 0.368935 -0.706667
vn -0.594081 0.383695 -0.706997
vn -0.574217 0.412831 -0.706997
vn -0.338231 0.621091 -0.706998
vn -0.306849 0.637180 -0.706997
vn -0.352019 0.609713 -0.710163
vn -0.468172 0.530506 -0.706667
vn -0.468171 0.530507 -0.706667
vn -0.564007 0.427221 -0.706667
vn -0.552924 0.440943 -0.706997
vn -0.530255 0.467959 -0.706997
vn -0.564007 0.427220 -0.706667
vn -0.565411 0.428284 -0.704899
vn -0.274705 0.651685 -0.706996
vn -0.241880 0.664568 -0.706996
vn -0.289562 0.641733 -0.710163
vn -0.413028 0.574482 -0.706667
vn -0.413027 0.574484 -0.706666
vn -0.518665 0.481257 -0.706667
vn -0.519956 0.482455 -0.704899
vn -0.506275 0.493804 -0.706996
vn -0.481031 0.518426 -0.706996
vn -0.518667 0.481253 -0.706668
vn -0.224224 0.667377 -0.710163
vn -0.208460 0.675795 -0.706998
vn -0.174509 0.685347 -0.706998
vn -0.353774 0.612753 -0.706666
vn -0.353774 0.612753 -0.706666
vn -0.468171 0.530507 -0.706667
vn -0.454585 0.541763 -0.706997
vn -0.427026 0.563741 -0.706997
vn -0.469340 0.531826 -0.704898
vn -0.468173 0.530504 -0.706668
vn -0.140132 0.693195 -0.706997
vn -0.105407 0.699317 -0.706997
vn -0.156664 0.686385 -0.710163
vn -0.291004 0.644934 -0.706666
vn -0.291006 0.644932 -0.706667
vn -0.413028 0.574482 -0.706667
vn -0.414056 0.575913 -0.704899
vn -0.398382 0.584334 -0.706998
vn -0.368774 0.603457 -0.706998
vn -0.413028 0.574482 -0.706667
vn -0.070416 0.703702 -0.706997
vn -0.035251 0.706338 -0.706997
vn -0.087543 0.698573 -0.710163
vn -0.225344 0.670703 -0.706667
vn -0.225342 0.670704 -0.706666
vn -0.338229 0.621093 -0.706997
vn -0.306849 0.637180 -0.706997
vn -0.353774 0.612752 -0.706667
vn -0.354653 0.614279 -0.704899
vn -0.353773 0.612753 -0.706667
vn -0.017551 0.703818 -0.710163
vn 0.000000 0.707217 -0.706997
vn 0.035251 0.706338 -0.706997
vn -0.157442 0.689808 -0.706666
vn -0.157445 0.689806 -0.706667
vn -0.291004 0.644933 -0.706667
vn -0.274711 0.651682 -0.706997
vn -0.241884 0.664566 -0.706997
vn -0.225344 0.670703 -0.706667
vn -0.291005 0.644932 -0.706667
vn -0.291730 0.646537 -0.704899
vn 0.070416 0.703703 -0.706997
vn 0.052612 0.702068 -0.710163
vn 0.105407 0.699317 -0.706997
vn -0.087980 0.702055 -0.706667
vn -0.087979 0.702055 -0.706667
vn -0.225344 0.670703 -0.706667
vn -0.208446 0.675799 -0.706998
vn -0.174515 0.685346 -0.706998
vn -0.225905 0.672372 -0.704899
vn 0.122255 0.693341 -0.710163
vn 0.140132 0.693195 -0.706997
vn 0.174509 0.685348 -0.706997
vn -0.017639 0.707327 -0.706667
vn -0.017639 0.707327 -0.706667
vn -0.157442 0.689807 -0.706667
vn -0.157442 0.689807 -0.706667
vn -0.140138 0.693194 -0.706996
vn -0.105398 0.699320 -0.706996
vn -0.157834 0.691524 -0.704899
vn 0.208461 0.675797 -0.706996
vn 0.241880 0.664568 -0.706996
vn 0.190681 0.677723 -0.710163
vn 0.052874 0.705568 -0.706667
vn 0.052873 0.705568 -0.706667
vn -0.088199 0.703803 -0.704899
vn -0.087980 0.702055 -0.706667
vn -0.070419 0.703702 -0.706997
vn -0.035251 0.706338 -0.706997
vn -0.087980 0.702055 -0.706667
vn -0.017639 0.707327 -0.706667
vn 0.274705 0.651684 -0.706997
vn 0.306849 0.637181 -0.706997
vn 0.257214 0.655370 -0.710163
vn 0.191631 0.681102 -0.706667
vn 0.122865 0.696797 -0.706667
vn 0.122865 0.696797 -0.706667
vn -0.017683 0.709087 -0.704899
vn -0.017639 0.707326 -0.706667
vn 0.000000 0.707217 -0.706997
vn 0.035251 0.706338 -0.706997
vn 0.321190 0.626502 -0.710164
vn 0.338232 0.621091 -0.706997
vn 0.368768 0.603461 -0.706997
vn 0.191632 0.681101 -0.706667
vn 0.052873 0.705568 -0.706667
vn 0.053005 0.707324 -0.704899
vn 0.070419 0.703701 -0.706997
vn 0.105398 0.699318 -0.706998
vn 0.052873 0.705568 -0.706667
vn 0.381974 0.591408 -0.710163
vn 0.398386 0.584331 -0.706998
vn 0.427025 0.563740 -0.706998
vn 0.258496 0.658635 -0.706668
vn 0.258498 0.658635 -0.706667
vn 0.123172 0.698532 -0.704899
vn 0.122864 0.696797 -0.706667
vn 0.140137 0.693193 -0.706997
vn 0.174515 0.685347 -0.706997
vn 0.122866 0.696797 -0.706667
vn 0.454587 0.541761 -0.706998
vn 0.481032 0.518423 -0.706998
vn 0.438960 0.550438 -0.710163
vn 0.383878 0.594357 -0.706667
vn 0.322788 0.629625 -0.706668
vn 0.322792 0.629625 -0.706667
vn 0.191632 0.681101 -0.706667
vn 0.258498 0.658635 -0.706667
vn 0.208447 0.675800 -0.706996
vn 0.241884 0.664566 -0.706996
vn 0.192108 0.682797 -0.704899
vn 0.191631 0.681101 -0.706667
vn 0.491583 0.503999 -0.710163
vn 0.506267 0.493810 -0.706997
vn 0.530258 0.467954 -0.706998
vn 0.383876 0.594359 -0.706666
vn 0.259139 0.660276 -0.704899
vn 0.274711 0.651682 -0.706997
vn 0.306849 0.637181 -0.706997
vn 0.258495 0.658637 -0.706666
vn 0.539324 0.452545 -0.710164
vn 0.552926 0.440940 -0.706997
vn 0.574216 0.412833 -0.706997
vn 0.441149 0.553182 -0.706666
vn 0.441149 0.553182 -0.706666
vn 0.322789 0.629627 -0.706666
vn 0.322789 0.629627 -0.706666
vn 0.338229 0.621093 -0.706997
vn 0.368774 0.603457 -0.706997
vn 0.323593 0.631193 -0.704899
vn 0.594079 0.383701 -0.706997
vn 0.612469 0.353606 -0.706997
vn 0.581701 0.396601 -0.710163
vn 0.494033 0.506510 -0.706668
vn 0.494039 0.506507 -0.706666
vn 0.383878 0.594357 -0.706666
vn 0.441148 0.553181 -0.706668
vn 0.384833 0.595835 -0.704900
vn 0.398383 0.584335 -0.706996
vn 0.427026 0.563742 -0.706996
vn 0.383875 0.594358 -0.706667
vn 0.629331 0.322641 -0.706997
vn 0.644631 0.290870 -0.706997
vn 0.618302 0.336707 -0.710163
vn 0.542007 0.454806 -0.706668
vn 0.584602 0.398579 -0.706666
vn 0.542014 0.454802 -0.706666
vn 0.441149 0.553179 -0.706668
vn 0.442248 0.554557 -0.704899
vn 0.454586 0.541764 -0.706996
vn 0.481031 0.518426 -0.706996
vn 0.648753 0.273471 -0.710164
vn 0.658331 0.258371 -0.706997
vn 0.670390 0.225239 -0.706997
vn 0.584604 0.398570 -0.706668
vn 0.494030 0.506511 -0.706668
vn 0.494039 0.506507 -0.706666
vn 0.506274 0.493803 -0.706997
vn 0.530254 0.467958 -0.706998
vn 0.495261 0.507774 -0.704899
vn 0.672758 0.207522 -0.710163
vn 0.680785 0.191544 -0.706996
vn 0.689485 0.157375 -0.706996
vn 0.621379 0.338390 -0.706668
vn 0.621384 0.338385 -0.706666
vn 0.542008 0.454807 -0.706667
vn 0.542012 0.454804 -0.706666
vn 0.543360 0.455935 -0.704899
vn 0.552923 0.440943 -0.706997
vn 0.574217 0.412831 -0.706997
vn 0.696471 0.122808 -0.706998
vn 0.701727 0.087936 -0.706998
vn 0.690078 0.139499 -0.710164
vn 0.651990 0.274831 -0.706666
vn 0.651988 0.274834 -0.706667
vn 0.584602 0.398575 -0.706667
vn 0.586057 0.399567 -0.704900
vn 0.584606 0.398571 -0.706666
vn 0.594081 0.383695 -0.706998
vn 0.612466 0.353609 -0.706998
vn 0.700538 0.070101 -0.710164
vn 0.705239 0.052848 -0.706997
vn 0.706997 0.017632 -0.706997
vn 0.693517 0.140194 -0.706668
vn 0.676112 0.208553 -0.706667
vn 0.676110 0.208556 -0.706668
vn 0.621380 0.338390 -0.706667
vn 0.651989 0.274831 -0.706667
vn 0.621385 0.338385 -0.706665
vn 0.622930 0.339227 -0.704900
vn 0.629333 0.322637 -0.706997
vn 0.644629 0.290875 -0.706997
vn 0.704037 0.000000 -0.710163
vn 0.706997 -0.017632 -0.706997
vn 0.705239 -0.052848 -0.706997
vn 0.693517 0.140199 -0.706667
vn 0.653610 0.275520 -0.704899
vn 0.651988 0.274836 -0.706666
vn 0.658328 0.258383 -0.706996
vn 0.670398 0.225220 -0.706996
vn 0.700538 -0.070101 -0.710164
vn 0.701727 -0.087936 -0.706998
vn 0.696471 -0.122808 -0.706998
vn 0.704031 0.070447 -0.706667
vn 0.704029 0.070451 -0.706668
vn 0.676112 0.208553 -0.706667
vn 0.676115 0.208548 -0.706666
vn 0.677796 0.209067 -0.704899
vn 0.693517 0.140199 -0.706667
vn 0.680781 0.191564 -0.706994
vn 0.689488 0.157369 -0.706994
vn 0.690078 -0.139499 -0.710164
vn 0.689485 -0.157375 -0.706996
vn 0.680785 -0.191545 -0.706996
vn 0.707545 0.000000 -0.706668
vn 0.707545 0.000000 -0.706668
vn 0.695245 0.140550 -0.704897
vn 0.693517 0.140201 -0.706667
vn 0.696475 0.122794 -0.706997
vn 0.701726 0.087950 -0.706997
vn 0.672758 -0.207522 -0.710162
vn 0.670390 -0.225238 -0.706997
vn 0.658331 -0.258371 -0.706997
vn 0.704030 -0.070451 -0.706667
vn 0.704029 -0.070447 -0.706668
vn 0.704031 0.070447 -0.706667
vn 0.705785 0.070623 -0.704897
vn 0.704031 0.070447 -0.706667
vn 0.705240 0.052835 -0.706997
vn 0.706997 0.017639 -0.706997
vn 0.644631 -0.290870 -0.706997
vn 0.648753 -0.273471 -0.710164
vn 0.629330 -0.322642 -0.706997
vn 0.693517 -0.140194 -0.706668
vn 0.693517 -0.140199 -0.706667
vn 0.704031 -0.070447 -0.706667
vn 0.707547 0.000000 -0.706667
vn 0.707547 0.000000 -0.706667
vn 0.709309 0.000000 -0.704898
vn 0.706997 -0.017639 -0.706997
vn 0.705240 -0.052835 -0.706997
vn 0.612470 -0.353605 -0.706997
vn 0.594079 -0.383701 -0.706997
vn 0.618302 -0.336707 -0.710163
vn 0.676111 -0.208556 -0.706667
vn 0.676111 -0.208553 -0.706668
vn 0.705785 -0.070623 -0.704897
vn 0.704031 -0.070447 -0.706667
vn 0.701726 -0.087950 -0.706997
vn 0.696475 -0.122794 -0.706997
vn 0.574217 -0.412831 -0.706998
vn 0.552923 -0.440943 -0.706998
vn 0.581701 -0.396601 -0.710163
vn 0.651988 -0.274835 -0.706666
vn 0.651989 -0.274831 -0.706667
vn 0.689488 -0.157369 -0.706994
vn 0.680781 -0.191564 -0.706994
vn 0.695245 -0.140550 -0.704897
vn 0.693517 -0.140199 -0.706667
vn 0.693517 -0.140201 -0.706667
vn 0.530260 -0.467950 -0.706998
vn 0.506267 -0.493809 -0.706998
vn 0.539323 -0.452546 -0.710164
vn 0.621383 -0.338384 -0.706668
vn 0.621382 -0.338390 -0.706666
vn 0.670398 -0.225220 -0.706996
vn 0.658328 -0.258383 -0.706996
vn 0.676113 -0.208553 -0.706666
vn 0.676113 -0.208548 -0.706667
vn 0.677796 -0.209067 -0.704899
vn 0.481031 -0.518425 -0.706997
vn 0.454585 -0.541763 -0.706997
vn 0.491585 -0.503996 -0.710163
vn 0.584602 -0.398579 -0.706666
vn 0.584604 -0.398571 -0.706668
vn 0.644629 -0.290875 -0.706997
vn 0.629333 -0.322637 -0.706997
vn 0.651988 -0.274836 -0.706666
vn 0.653610 -0.275520 -0.704899
vn 0.651989 -0.274831 -0.706667
vn 0.438961 -0.550439 -0.710162
vn 0.427026 -0.563741 -0.706997
vn 0.398389 -0.584330 -0.706997
vn 0.542012 -0.454801 -0.706668
vn 0.542009 -0.454808 -0.706665
vn 0.612464 -0.353612 -0.706999
vn 0.594082 -0.383692 -0.706999
vn 0.621382 -0.338390 -0.706666
vn 0.621384 -0.338383 -0.706667
vn 0.622930 -0.339226 -0.704900
vn 0.368769 -0.603462 -0.706996
vn 0.338229 -0.621093 -0.706996
vn 0.381974 -0.591409 -0.710163
vn 0.494038 -0.506505 -0.706668
vn 0.494036 -0.506509 -0.706666
vn 0.574217 -0.412831 -0.706998
vn 0.552926 -0.440939 -0.706998
vn 0.584605 -0.398572 -0.706667
vn 0.586056 -0.399567 -0.704900
vn 0.584603 -0.398576 -0.706666
vn 0.321191 -0.626503 -0.710162
vn 0.306850 -0.637182 -0.706996
vn 0.274711 -0.651683 -0.706996
vn 0.441149 -0.553182 -0.706666
vn 0.441149 -0.553182 -0.706666
vn 0.530251 -0.467962 -0.706998
vn 0.506274 -0.493803 -0.706998
vn 0.543359 -0.455936 -0.704899
vn 0.542010 -0.454804 -0.706667
vn 0.542009 -0.454808 -0.706666
vn 0.257211 -0.655371 -0.710163
vn 0.241880 -0.664567 -0.706997
vn 0.208454 -0.675797 -0.706997
vn 0.383877 -0.594356 -0.706668
vn 0.383875 -0.594359 -0.706667
vn 0.322791 -0.629624 -0.706668
vn 0.481035 -0.518423 -0.706995
vn 0.454586 -0.541765 -0.706995
vn 0.494037 -0.506505 -0.706668
vn 0.441148 -0.553181 -0.706668
vn 0.494032 -0.506514 -0.706666
vn 0.495261 -0.507774 -0.704899
vn 0.190684 -0.677723 -0.710163
vn 0.174512 -0.685348 -0.706996
vn 0.140135 -0.693195 -0.706996
vn 0.258492 -0.658637 -0.706668
vn 0.322790 -0.629624 -0.706668
vn 0.427027 -0.563742 -0.706995
vn 0.398379 -0.584339 -0.706995
vn 0.442247 -0.554559 -0.704898
vn 0.441148 -0.553181 -0.706668
vn 0.122253 -0.693341 -0.710163
vn 0.105400 -0.699319 -0.706996
vn 0.070419 -0.703703 -0.706996
vn 0.191635 -0.681101 -0.706667
vn 0.258496 -0.658636 -0.706667
vn 0.368769 -0.603460 -0.706998
vn 0.338234 -0.621089 -0.706998
vn 0.384835 -0.595834 -0.704899
vn 0.383875 -0.594359 -0.706667
vn 0.383879 -0.594354 -0.706668
vn 0.052614 -0.702069 -0.710163
vn 0.035251 -0.706338 -0.706996
vn 0.000000 -0.707217 -0.706996
vn 0.191632 -0.681101 -0.706667
vn 0.322789 -0.629627 -0.706666
vn 0.306849 -0.637180 -0.706997
vn 0.274711 -0.651682 -0.706997
vn 0.322791 -0.629625 -0.706667
vn 0.323593 -0.631193 -0.704899
vn -0.070419 -0.703702 -0.706997
vn -0.017553 -0.703819 -0.710163
vn -0.035251 -0.706338 -0.706997
vn 0.122862 -0.696797 -0.706667
vn 0.122863 -0.696797 -0.706668
vn 0.258496 -0.658635 -0.706668
vn 0.241884 -0.664567 -0.706996
vn 0.208453 -0.675799 -0.706996
vn 0.259137 -0.660278 -0.704898
vn 0.258493 -0.658638 -0.706667
vn -0.105400 -0.699318 -0.706997
vn -0.140135 -0.693193 -0.706997
vn -0.087543 -0.698574 -0.710163
vn 0.052876 -0.705567 -0.706667
vn 0.052876 -0.705567 -0.706668
vn -0.017641 -0.707326 -0.706668
vn 0.122862 -0.696798 -0.706667
vn 0.191636 -0.681099 -0.706668
vn 0.191633 -0.681101 -0.706667
vn 0.174509 -0.685348 -0.706997
vn 0.140137 -0.693193 -0.706997
vn 0.192114 -0.682796 -0.704899
vn -0.174512 -0.685347 -0.706997
vn -0.208454 -0.675797 -0.706997
vn -0.156664 -0.686385 -0.710163
vn -0.017639 -0.707327 -0.706667
vn -0.087979 -0.702055 -0.706667
vn 0.122864 -0.696798 -0.706666
vn 0.123169 -0.698532 -0.704899
vn 0.105398 -0.699318 -0.706998
vn 0.070419 -0.703701 -0.706998
vn -0.241880 -0.664567 -0.706997
vn -0.274711 -0.651682 -0.706997
vn -0.224224 -0.667377 -0.710163
vn -0.087978 -0.702056 -0.706666
vn 0.052876 -0.705569 -0.706666
vn 0.052876 -0.705569 -0.706666
vn 0.035251 -0.706337 -0.706998
vn 0.000000 -0.707216 -0.706998
vn 0.053008 -0.707324 -0.704899
vn -0.306849 -0.637181 -0.706997
vn -0.338229 -0.621093 -0.706997
vn -0.289563 -0.641734 -0.710163
vn -0.225342 -0.670704 -0.706666
vn -0.157444 -0.689807 -0.706667
vn -0.157445 -0.689807 -0.706666
vn -0.035251 -0.706338 -0.706997
vn -0.070419 -0.703702 -0.706997
vn -0.017641 -0.707327 -0.706666
vn -0.087978 -0.702055 -0.706667
vn -0.017639 -0.707327 -0.706667
vn -0.017685 -0.709087 -0.704899
vn -0.368768 -0.603460 -0.706998
vn -0.398388 -0.584330 -0.706998
vn -0.352020 -0.609712 -0.710164
vn -0.225344 -0.670703 -0.706667
vn -0.105398 -0.699320 -0.706996
vn -0.140138 -0.693194 -0.706996
vn -0.088199 -0.703803 -0.704899
vn -0.087980 -0.702055 -0.706668
vn -0.427026 -0.563742 -0.706996
vn -0.454586 -0.541764 -0.706996
vn -0.410976 -0.571634 -0.710164
vn -0.291006 -0.644932 -0.706667
vn -0.291006 -0.644932 -0.706667
vn -0.174509 -0.685348 -0.706997
vn -0.208453 -0.675798 -0.706997
vn -0.225344 -0.670703 -0.706667
vn -0.157834 -0.691524 -0.704899
vn -0.157444 -0.689807 -0.706667
vn -0.157442 -0.689807 -0.706667
vn -0.481031 -0.518425 -0.706997
vn -0.506268 -0.493810 -0.706997
vn -0.465850 -0.527874 -0.710164
vn -0.353771 -0.612755 -0.706667
vn -0.353776 -0.612753 -0.706665
vn -0.225905 -0.672372 -0.704899
vn -0.241884 -0.664566 -0.706997
vn -0.274711 -0.651682 -0.706997
vn -0.225344 -0.670703 -0.706667
vn -0.530261 -0.467951 -0.706997
vn -0.552924 -0.440943 -0.706997
vn -0.516094 -0.478867 -0.710165
vn -0.413025 -0.574485 -0.706666
vn -0.468173 -0.530506 -0.706666
vn -0.413030 -0.574483 -0.706665
vn -0.291006 -0.644932 -0.706667
vn -0.306849 -0.637180 -0.706997
vn -0.291006 -0.644932 -0.706667
vn -0.338234 -0.621090 -0.706997
vn -0.291730 -0.646537 -0.704899
vn -0.561212 -0.425099 -0.710164
vn -0.574217 -0.412831 -0.706997
vn -0.594081 -0.383695 -0.706997
vn -0.518668 -0.481255 -0.706666
vn -0.468173 -0.530506 -0.706666
vn -0.368769 -0.603460 -0.706998
vn -0.398377 -0.584337 -0.706998
vn -0.353770 -0.612754 -0.706668
vn -0.354653 -0.614278 -0.704900
vn -0.353773 -0.612753 -0.706667
vn -0.612468 -0.353610 -0.706996
vn -0.629334 -0.322638 -0.706996
vn -0.600747 -0.367113 -0.710163
vn -0.518669 -0.481253 -0.706667
vn -0.564009 -0.427218 -0.706667
vn -0.413027 -0.574482 -0.706668
vn -0.427026 -0.563742 -0.706996
vn -0.454586 -0.541764 -0.706996
vn -0.413028 -0.574481 -0.706667
vn -0.414057 -0.575913 -0.704898
vn -0.644629 -0.290875 -0.706998
vn -0.658331 -0.258371 -0.706998
vn -0.634317 -0.305469 -0.710162
vn -0.564007 -0.427224 -0.706665
vn -0.468174 -0.530504 -0.706667
vn -0.469340 -0.531826 -0.704898
vn -0.481035 -0.518422 -0.706996
vn -0.506275 -0.493804 -0.706996
vn -0.468172 -0.530505 -0.706668
vn -0.661578 -0.240796 -0.710163
vn -0.670388 -0.225244 -0.706997
vn -0.680785 -0.191538 -0.706997
vn -0.603741 -0.368943 -0.706667
vn -0.603745 -0.368940 -0.706665
vn -0.518670 -0.481253 -0.706666
vn -0.518663 -0.481257 -0.706668
vn -0.530252 -0.467962 -0.706997
vn -0.552926 -0.440940 -0.706997
vn -0.519955 -0.482456 -0.704899
vn -0.682267 -0.173725 -0.710163
vn -0.689486 -0.157368 -0.706996
vn -0.696473 -0.122808 -0.706996
vn -0.637478 -0.306991 -0.706668
vn -0.637480 -0.306988 -0.706666
vn -0.564006 -0.427222 -0.706667
vn -0.565412 -0.428282 -0.704899
vn -0.574217 -0.412831 -0.706997
vn -0.594083 -0.383692 -0.706997
vn -0.564009 -0.427220 -0.706666
vn -0.696174 -0.104935 -0.710162
vn -0.701730 -0.087936 -0.706995
vn -0.705240 -0.052862 -0.706995
vn -0.703161 -0.035091 -0.710164
vn -0.664875 -0.241996 -0.706667
vn -0.664874 -0.241998 -0.706668
vn -0.605248 -0.369854 -0.704900
vn -0.603745 -0.368935 -0.706667
vn -0.637479 -0.306987 -0.706668
vn -0.603742 -0.368938 -0.706668
vn -0.612466 -0.353613 -0.706996
vn -0.629334 -0.322638 -0.706996
vn -0.685667 -0.174592 -0.706667
vn -0.699643 -0.105458 -0.706667
vn -0.685668 -0.174590 -0.706667
vn -0.637476 -0.307000 -0.706665
vn -0.644629 -0.290875 -0.706998
vn -0.658326 -0.258382 -0.706998
vn -0.639061 -0.307763 -0.704900
vn -0.699643 -0.105454 -0.706668
vn -0.706667 -0.035269 -0.706667
vn -0.706667 -0.035269 -0.706667
vn -0.706666 -0.035266 -0.706668
vn -0.664875 -0.241998 -0.706667
vn -0.664880 -0.241990 -0.706665
vn -0.670396 -0.225219 -0.706998
vn -0.680777 -0.191563 -0.706998
vn -0.666534 -0.242592 -0.704898
vn -0.685668 -0.174592 -0.706666
vn -0.699644 -0.105454 -0.706666
vn -0.685666 -0.174596 -0.706667
vn -0.689486 -0.157369 -0.706996
vn -0.696475 -0.122794 -0.706996
vn -0.687374 -0.175031 -0.704898
vn -0.701729 -0.087950 -0.706995
vn -0.706666 -0.035272 -0.706668
vn -0.705242 -0.052835 -0.706995
vn -0.699644 -0.105449 -0.706668
vn -0.701386 -0.105711 -0.704899
vn -0.708425 -0.035360 -0.704899
vn -0.706997 -0.017625 -0.706997
vn -0.706997 -0.017639 -0.706997
vn -0.705240 0.052862 -0.706995
vn -0.701730 0.087936 -0.706995
vn -0.703161 0.035091 -0.710164
vn -0.696473 0.122808 -0.706996
vn -0.689486 0.157368 -0.706996
vn -0.696174 0.104935 -0.710162
vn -0.680785 0.191537 -0.706997
vn -0.670388 0.225245 -0.706997
vn -0.682267 0.173725 -0.710163
vn -0.706667 0.035269 -0.706667
vn -0.706666 0.035266 -0.706668
vn -0.658331 0.258371 -0.706998
vn -0.644629 0.290875 -0.706998
vn -0.661578 0.240796 -0.710163
vn -0.699643 0.105458 -0.706667
vn -0.699643 0.105454 -0.706668
vn -0.629335 0.322636 -0.706996
vn -0.612466 0.353612 -0.706996
vn -0.634317 0.305469 -0.710162
vn -0.685668 0.174592 -0.706667
vn -0.685667 0.174590 -0.706667
vn -0.708425 0.035360 -0.704899
vn -0.706667 0.035272 -0.706667
vn -0.706666 0.035269 -0.706668
vn -0.705242 0.052835 -0.706995
vn -0.701729 0.087950 -0.706995
vn -0.600747 0.367113 -0.710163
vn -0.594081 0.383695 -0.706997
vn -0.574216 0.412833 -0.706997
vn -0.664875 0.241996 -0.706668
vn 0.000000 1.000000 0.000000
vn 0.000000 1.000000 0.000000
vn -0.000000 1.000000 0.000000
vn 0.000000 1.000000 0.000000
vn -1.000000 0.000000 0.000000
vn 1.000000 -0.000000 0.000000
vn 0.000000 1.000000 0.000000
vn 0.000000 1.000000 -0.000000
vn 0.000000 1.000000 0.000000
vn 0.000000 1.000000 0.000000
vn 0.000000 1.000000 -0.000000
vn -0.000000 1.000000 -0.000000
vn -1.000000 0.000000 0.000000
vn -1.000000 -0.000000 0.000000
vn 1.000000 0.000000 0.000000
vn 1.000000 0.000000 -0.000000
vn 0.000000 -1.000000 0.000000
vn -0.000000 -1.000000 0.000000
vn 0.000000 -1.000000 0.000000
vn 0.000000 -1.000000 0.000000
vn -0.000000 -1.000000 0.000000
vn 0.000000 -1.000000 0.000000
vn 0.000000 -1.000000 0.000000
vn 0.000000 -1.000000 0.000000
vn -0.664875 0.241998 -0.706667
vn -0.699643 0.105449 -0.706668
vn -0.701386 0.105711 -0.704899
vn -0.696475 0.122794 -0.706996
vn -0.689486 0.157369 -0.706996
vn -0.699644 0.105454 -0.706666
vn -0.552926 0.440940 -0.706997
vn -0.530258 0.467955 -0.706997
vn -0.706997 0.017632 -0.706997
vn -0.561213 0.425098 -0.710163
vn -0.637480 0.306986 -0.706668
vn -0.637479 0.306991 -0.706666
vn -0.687374 0.175031 -0.704898
vn -0.685667 0.174596 -0.706666
vn -0.680777 0.191563 -0.706998
vn -0.670396 0.225219 -0.706998
vn -0.685667 0.174592 -0.706667
vn -0.506268 0.493810 -0.706996
vn -0.481033 0.518424 -0.706996
vn -0.516094 0.478867 -0.710164
vn -0.603743 0.368940 -0.706666
vn -0.603742 0.368944 -0.706665
vn -0.664877 0.241999 -0.706665
vn -0.658326 0.258382 -0.706998
vn -0.644629 0.290875 -0.706998
vn -0.664878 0.241989 -0.706668
vn -0.666534 0.242592 -0.704898
vn -0.454587 0.541762 -0.706997
vn -0.465850 0.527875 -0.710164
vn -0.427026 0.563741 -0.706997
vn -0.706997 0.017639 -0.706997
vn -0.564008 0.427222 -0.706665
vn -0.564010 0.427217 -0.706667
vn -0.637479 0.306986 -0.706669
vn -0.629334 0.322638 -0.706996
vn -0.612467 0.353610 -0.706996
vn -0.639061 0.307763 -0.704900
vn -0.637476 0.307000 -0.706665
vn -0.398386 0.584332 -0.706997
vn -0.368768 0.603461 -0.706997
vn -0.410977 0.571633 -0.710164
vn -0.518668 0.481255 -0.706667
vn -0.518668 0.481254 -0.706667
vn -0.605248 0.369854 -0.704899
vn -0.603744 0.368935 -0.706669
vn -0.594081 0.383695 -0.706997
vn -0.574217 0.412831 -0.706997
vn -0.603742 0.368939 -0.706667
vn -0.338231 0.621091 -0.706998
vn -0.306849 0.637180 -0.706997
vn -0.352019 0.609713 -0.710163
vn -0.468172 0.530506 -0.706667
vn -0.468171 0.530507 -0.706667
vn -0.564007 0.427221 -0.706667
vn -0.552924 0.440943 -0.706997
vn -0.530255 0.467959 -0.706997
vn -0.564007 0.427220 -0.706667
vn -0.565411 0.428284 -0.704899
vn -0.274705 0.651685 -0.706996
vn -0.241880 0.664568 -0.706996
vn -0.289562 0.641733 -0.710163
vn -0.413027 0.574484 -0.706666
vn -0.353774 0.612753 -0.706666
vn -0.413028 0.574482 -0.706667
vn -0.518665 0.481257 -0.706667
vn -0.468171 0.530506 -0.706668
vn -0.519956 0.482455 -0.704899
vn -0.506275 0.493804 -0.706996
vn -0.481031 0.518426 -0.706996
vn -0.518667 0.481253 -0.706668
vn -0.224224 0.667377 -0.710163
vn -0.208460 0.675795 -0.706998
vn -0.174509 0.685347 -0.706998
vn -0.353775 0.612753 -0.706666
vn -0.468174 0.530505 -0.706667
vn -0.454585 0.541763 -0.706997
vn -0.427026 0.563741 -0.706997
vn -0.413028 0.574482 -0.706667
vn -0.469340 0.531826 -0.704898
vn -0.140132 0.693195 -0.706997
vn -0.105407 0.699317 -0.706997
vn -0.156664 0.686385 -0.710163
vn -0.291004 0.644934 -0.706666
vn -0.225342 0.670703 -0.706667
vn -0.291006 0.644932 -0.706667
vn -0.414056 0.575913 -0.704899
vn -0.398382 0.584334 -0.706998
vn -0.368774 0.603457 -0.706998
vn -0.413028 0.574482 -0.706667
vn -0.070416 0.703702 -0.706997
vn -0.035251 0.706338 -0.706997
vn -0.087543 0.698573 -0.710163
vn -0.225344 0.670703 -0.706666
vn -0.157445 0.689807 -0.706666
vn -0.338229 0.621093 -0.706997
vn -0.306849 0.637180 -0.706997
vn -0.354653 0.614279 -0.704899
vn -0.353774 0.612752 -0.706667
vn -0.353773 0.612753 -0.706667
vn 0.000000 0.707217 -0.706997
vn 0.035251 0.706338 -0.706997
vn -0.017551 0.703818 -0.710163
vn -0.087979 0.702055 -0.706667
vn -0.157441 0.689807 -0.706667
vn -0.225344 0.670703 -0.706667
vn -0.291730 0.646537 -0.704899
vn -0.274711 0.651682 -0.706997
vn -0.241884 0.664566 -0.706997
vn -0.291005 0.644932 -0.706667
vn -0.291004 0.644933 -0.706667
vn 0.070416 0.703703 -0.706997
vn 0.105407 0.699317 -0.706997
vn 0.052612 0.702068 -0.710163
vn -0.087980 0.702055 -0.706667
vn -0.225344 0.670703 -0.706667
vn -0.208446 0.675799 -0.706998
vn -0.174515 0.685346 -0.706998
vn -0.225905 0.672372 -0.704899
vn 0.140132 0.693195 -0.706997
vn 0.174509 0.685348 -0.706997
vn 0.122255 0.693341 -0.710163
vn -0.017639 0.707327 -0.706667
vn 0.052874 0.705568 -0.706667
vn -0.017639 0.707327 -0.706667
vn -0.157442 0.689807 -0.706667
vn -0.157834 0.691524 -0.704899
vn -0.140138 0.693194 -0.706996
vn -0.105398 0.699320 -0.706996
vn -0.087980 0.702055 -0.706667
vn -0.157442 0.689807 -0.706667
vn 0.190681 0.677723 -0.710163
vn 0.208461 0.675797 -0.706996
vn 0.241880 0.664568 -0.706996
vn 0.052873 0.705568 -0.706667
vn -0.087980 0.702055 -0.706667
vn -0.088199 0.703803 -0.704899
vn -0.070419 0.703702 -0.706997
vn -0.035251 0.706338 -0.706997
vn 0.257214 0.655370 -0.710163
vn 0.274705 0.651684 -0.706997
vn 0.306849 0.637181 -0.706997
vn 0.122865 0.696797 -0.706667
vn 0.191631 0.681102 -0.706667
vn 0.122865 0.696797 -0.706667
vn -0.017639 0.707326 -0.706667
vn -0.017639 0.707327 -0.706667
vn 0.000000 0.707217 -0.706997
vn 0.035251 0.706338 -0.706997
vn -0.017683 0.709087 -0.704899
vn 0.338232 0.621091 -0.706997
vn 0.368768 0.603461 -0.706997
vn 0.321190 0.626502 -0.710164
vn 0.191632 0.681101 -0.706667
vn 0.052873 0.705568 -0.706667
vn 0.052873 0.705568 -0.706667
vn 0.053005 0.707324 -0.704899
vn 0.070419 0.703701 -0.706997
vn 0.105398 0.699318 -0.706998
vn 0.381974 0.591408 -0.710163
vn 0.398386 0.584331 -0.706998
vn 0.427025 0.563740 -0.706998
vn 0.258496 0.658635 -0.706668
vn 0.258498 0.658635 -0.706667
vn 0.122866 0.696797 -0.706667
vn 0.191632 0.681101 -0.706667
vn 0.123172 0.698532 -0.704899
vn 0.122864 0.696797 -0.706667
vn 0.140137 0.693193 -0.706997
vn 0.174515 0.685347 -0.706997
vn 0.454587 0.541761 -0.706998
vn 0.481032 0.518423 -0.706998
vn 0.438960 0.550438 -0.710163
vn 0.322788 0.629625 -0.706668
vn 0.322792 0.629625 -0.706667
vn 0.192108 0.682797 -0.704899
vn 0.208447 0.675800 -0.706996
vn 0.241884 0.664566 -0.706996
vn 0.191631 0.681101 -0.706667
vn 0.506267 0.493810 -0.706997
vn 0.530258 0.467954 -0.706998
vn 0.491583 0.503999 -0.710163
vn 0.383875 0.594358 -0.706667
vn 0.383878 0.594357 -0.706666
vn 0.441149 0.553182 -0.706666
vn 0.322789 0.629627 -0.706666
vn 0.258495 0.658636 -0.706667
vn 0.258498 0.658636 -0.706666
vn 0.274711 0.651682 -0.706997
vn 0.306849 0.637181 -0.706997
vn 0.259139 0.660276 -0.704899
vn 0.552926 0.440940 -0.706997
vn 0.574216 0.412833 -0.706997
vn 0.539324 0.452545 -0.710164
vn 0.441149 0.553182 -0.706666
vn 0.322789 0.629627 -0.706666
vn 0.338229 0.621093 -0.706997
vn 0.368774 0.603457 -0.706997
vn 0.323593 0.631193 -0.704899
vn 0.594083 0.383696 -0.706996
vn 0.612467 0.353612 -0.706996
vn 0.581701 0.396601 -0.710163
vn 0.494033 0.506510 -0.706668
vn 0.494039 0.506507 -0.706666
vn 0.542012 0.454800 -0.706668
vn 0.441148 0.553181 -0.706668
vn 0.384833 0.595835 -0.704900
vn 0.383878 0.594357 -0.706666
vn 0.398383 0.584335 -0.706996
vn 0.427026 0.563742 -0.706996
vn 0.383875 0.594358 -0.706667
vn 0.618301 0.336710 -0.710162
vn 0.629336 0.322637 -0.706995
vn 0.644631 0.290876 -0.706995
vn 0.542009 0.454808 -0.706665
vn 0.442248 0.554557 -0.704899
vn 0.441149 0.553179 -0.706668
vn 0.454586 0.541764 -0.706996
vn 0.481031 0.518426 -0.706996
vn 0.648754 0.273471 -0.710163
vn 0.658332 0.258371 -0.706996
vn 0.670389 0.225245 -0.706996
vn 0.584607 0.398572 -0.706665
vn 0.584599 0.398577 -0.706668
vn 0.495261 0.507774 -0.704899
vn 0.494039 0.506507 -0.706666
vn 0.494030 0.506511 -0.706668
vn 0.506274 0.493803 -0.706997
vn 0.530254 0.467958 -0.706998
vn 0.672759 0.207515 -0.710164
vn 0.680785 0.191537 -0.706997
vn 0.689486 0.157368 -0.706997
vn 0.621382 0.338388 -0.706667
vn 0.651987 0.274834 -0.706667
vn 0.621379 0.338390 -0.706668
vn 0.542008 0.454807 -0.706667
vn 0.543360 0.455935 -0.704899
vn 0.552923 0.440943 -0.706997
vn 0.574217 0.412831 -0.706997
vn 0.542012 0.454804 -0.706666
vn 0.690078 0.139503 -0.710163
vn 0.696472 0.122808 -0.706997
vn 0.701728 0.087936 -0.706997
vn 0.651988 0.274830 -0.706668
vn 0.584606 0.398571 -0.706666
vn 0.584602 0.398575 -0.706667
vn 0.586057 0.399567 -0.704900
vn 0.621382 0.338391 -0.706666
vn 0.594081 0.383695 -0.706998
vn 0.612466 0.353609 -0.706998
vn 0.705236 0.052862 -0.706999
vn 0.706995 0.017625 -0.706999
vn 0.700539 0.070098 -0.710163
vn 0.676113 0.208549 -0.706667
vn 0.676111 0.208553 -0.706668
vn 0.693517 0.140198 -0.706667
vn 0.621383 0.338384 -0.706667
vn 0.622930 0.339227 -0.704900
vn 0.629333 0.322637 -0.706997
vn 0.644629 0.290875 -0.706997
vn 0.704036 0.000000 -0.710164
vn 0.706995 -0.017625 -0.706999
vn 0.705236 -0.052862 -0.706999
vn 0.693517 0.140199 -0.706667
vn 0.651990 0.274831 -0.706666
vn 0.653610 0.275520 -0.704899
vn 0.651987 0.274835 -0.706667
vn 0.658328 0.258383 -0.706996
vn 0.670398 0.225220 -0.706996
vn 0.700539 -0.070098 -0.710163
vn 0.701728 -0.087936 -0.706997
vn 0.696472 -0.122808 -0.706997
vn 0.704031 0.070447 -0.706667
vn 0.704031 0.070447 -0.706667
vn 0.676115 0.208548 -0.706666
vn 0.677796 0.209067 -0.704899
vn 0.676112 0.208553 -0.706667
vn 0.693517 0.140199 -0.706667
vn 0.680781 0.191564 -0.706994
vn 0.689488 0.157369 -0.706994
vn 0.690078 -0.139503 -0.710163
vn 0.689486 -0.157368 -0.706997
vn 0.680785 -0.191538 -0.706997
vn 0.704031 -0.070447 -0.706667
vn 0.707547 0.000000 -0.706667
vn 0.707547 0.000000 -0.706667
vn 0.695245 0.140550 -0.704897
vn 0.693517 0.140201 -0.706667
vn 0.696475 0.122794 -0.706997
vn 0.701726 0.087950 -0.706997
vn 0.670390 -0.225244 -0.706996
vn 0.658332 -0.258371 -0.706996
vn 0.672759 -0.207514 -0.710164
vn 0.704031 -0.070447 -0.706667
vn 0.693517 -0.140198 -0.706667
vn 0.704031 0.070447 -0.706667
vn 0.707547 0.000000 -0.706667
vn 0.705785 0.070623 -0.704897
vn 0.704031 0.070447 -0.706667
vn 0.705240 0.052835 -0.706997
vn 0.706997 0.017639 -0.706997
vn 0.648754 -0.273472 -0.710163
vn 0.644631 -0.290876 -0.706995
vn 0.629335 -0.322638 -0.706995
vn 0.693517 -0.140199 -0.706667
vn 0.704031 -0.070447 -0.706667
vn 0.709309 0.000000 -0.704898
vn 0.707547 0.000000 -0.706667
vn 0.706997 -0.017639 -0.706997
vn 0.705240 -0.052835 -0.706997
vn 0.618301 -0.336710 -0.710162
vn 0.612468 -0.353611 -0.706996
vn 0.594083 -0.383696 -0.706996
vn 0.676112 -0.208553 -0.706667
vn 0.676112 -0.208549 -0.706669
vn 0.704031 -0.070447 -0.706667
vn 0.705785 -0.070623 -0.704897
vn 0.701726 -0.087950 -0.706997
vn 0.696475 -0.122794 -0.706997
vn 0.581701 -0.396601 -0.710163
vn 0.574217 -0.412831 -0.706998
vn 0.552923 -0.440943 -0.706998
vn 0.651987 -0.274835 -0.706667
vn 0.621382 -0.338388 -0.706667
vn 0.651987 -0.274830 -0.706669
vn 0.689488 -0.157369 -0.706994
vn 0.680781 -0.191564 -0.706994
vn 0.695245 -0.140550 -0.704897
vn 0.693517 -0.140199 -0.706667
vn 0.693517 -0.140201 -0.706667
vn 0.539323 -0.452546 -0.710164
vn 0.530260 -0.467950 -0.706998
vn 0.506267 -0.493809 -0.706998
vn 0.621380 -0.338389 -0.706668
vn 0.670398 -0.225220 -0.706996
vn 0.658328 -0.258383 -0.706996
vn 0.677796 -0.209067 -0.704899
vn 0.676113 -0.208553 -0.706666
vn 0.676113 -0.208548 -0.706667
vn 0.491585 -0.503996 -0.710163
vn 0.481031 -0.518425 -0.706997
vn 0.454585 -0.541763 -0.706997
vn 0.584604 -0.398571 -0.706668
vn 0.584602 -0.398579 -0.706666
vn 0.644629 -0.290875 -0.706997
vn 0.629333 -0.322637 -0.706997
vn 0.653610 -0.275520 -0.704899
vn 0.651989 -0.274831 -0.706667
vn 0.651988 -0.274836 -0.706666
vn 0.438961 -0.550439 -0.710162
vn 0.427026 -0.563741 -0.706997
vn 0.398389 -0.584330 -0.706997
vn 0.542009 -0.454808 -0.706665
vn 0.542012 -0.454801 -0.706668
vn 0.494035 -0.506508 -0.706668
vn 0.612464 -0.353612 -0.706999
vn 0.622930 -0.339226 -0.704900
vn 0.594082 -0.383692 -0.706999
vn 0.621384 -0.338383 -0.706667
vn 0.621382 -0.338390 -0.706666
vn 0.381974 -0.591409 -0.710163
vn 0.368769 -0.603462 -0.706996
vn 0.338229 -0.621093 -0.706996
vn 0.494039 -0.506506 -0.706666
vn 0.586056 -0.399567 -0.704900
vn 0.574217 -0.412831 -0.706998
vn 0.552926 -0.440939 -0.706998
vn 0.584605 -0.398572 -0.706667
vn 0.584603 -0.398576 -0.706666
vn 0.321191 -0.626503 -0.710162
vn 0.306850 -0.637182 -0.706996
vn 0.274711 -0.651683 -0.706996
vn 0.441149 -0.553182 -0.706666
vn 0.441149 -0.553182 -0.706666
vn 0.542009 -0.454808 -0.706666
vn 0.530251 -0.467962 -0.706998
vn 0.506274 -0.493803 -0.706998
vn 0.542010 -0.454804 -0.706667
vn 0.543359 -0.455936 -0.704899
vn 0.257211 -0.655371 -0.710163
vn 0.241880 -0.664567 -0.706997
vn 0.208454 -0.675797 -0.706997
vn 0.322791 -0.629624 -0.706668
vn 0.383875 -0.594359 -0.706667
vn 0.383877 -0.594356 -0.706668
vn 0.481035 -0.518423 -0.706995
vn 0.454586 -0.541765 -0.706995
vn 0.441148 -0.553181 -0.706668
vn 0.494037 -0.506505 -0.706668
vn 0.494032 -0.506514 -0.706666
vn 0.495261 -0.507774 -0.704899
vn 0.190684 -0.677723 -0.710163
vn 0.174512 -0.685348 -0.706996
vn 0.140135 -0.693195 -0.706996
vn 0.322790 -0.629624 -0.706668
vn 0.427027 -0.563742 -0.706995
vn 0.398379 -0.584339 -0.706995
vn 0.441148 -0.553181 -0.706668
vn 0.442247 -0.554559 -0.704898
vn 0.383874 -0.594357 -0.706668
vn 0.122253 -0.693341 -0.710163
vn 0.105400 -0.699319 -0.706996
vn 0.070419 -0.703703 -0.706996
vn 0.258496 -0.658635 -0.706668
vn 0.258493 -0.658638 -0.706667
vn 0.368769 -0.603460 -0.706998
vn 0.338234 -0.621089 -0.706998
vn 0.384835 -0.595834 -0.704899
vn 0.383880 -0.594356 -0.706666
vn 0.052614 -0.702069 -0.710163
vn 0.035251 -0.706338 -0.706996
vn 0.000000 -0.707217 -0.706996
vn 0.191633 -0.681102 -0.706667
vn 0.191635 -0.681100 -0.706667
vn 0.322789 -0.629627 -0.706666
vn 0.306849 -0.637180 -0.706997
vn 0.274711 -0.651682 -0.706997
vn 0.322791 -0.629625 -0.706667
vn 0.323593 -0.631193 -0.704899
vn 0.258496 -0.658636 -0.706667
vn -0.070419 -0.703702 -0.706997
vn -0.017553 -0.703819 -0.710163
vn -0.035251 -0.706338 -0.706997
vn 0.122862 -0.696797 -0.706667
vn 0.122863 -0.696797 -0.706668
vn 0.259137 -0.660278 -0.704898
vn 0.258492 -0.658637 -0.706668
vn 0.241884 -0.664567 -0.706996
vn 0.208453 -0.675799 -0.706996
vn -0.105400 -0.699318 -0.706997
vn -0.140135 -0.693193 -0.706997
vn -0.087543 -0.698574 -0.710163
vn 0.052876 -0.705567 -0.706667
vn -0.017641 -0.707326 -0.706668
vn 0.052876 -0.705567 -0.706668
vn 0.174509 -0.685348 -0.706997
vn 0.140137 -0.693193 -0.706997
vn 0.192114 -0.682796 -0.704899
vn 0.191633 -0.681101 -0.706667
vn 0.191636 -0.681099 -0.706668
vn -0.174512 -0.685347 -0.706997
vn -0.208454 -0.675797 -0.706997
vn -0.156664 -0.686385 -0.710163
vn -0.017639 -0.707327 -0.706667
vn 0.122862 -0.696798 -0.706666
vn 0.122864 -0.696798 -0.706667
vn 0.052876 -0.705569 -0.706666
vn 0.123169 -0.698532 -0.704899
vn 0.105398 -0.699318 -0.706998
vn 0.070419 -0.703701 -0.706998
vn -0.241880 -0.664567 -0.706997
vn -0.274711 -0.651682 -0.706997
vn -0.224224 -0.667377 -0.710163
vn -0.087979 -0.702056 -0.706667
vn -0.087978 -0.702055 -0.706667
vn 0.053008 -0.707324 -0.704899
vn 0.035251 -0.706337 -0.706998
vn 0.000000 -0.707216 -0.706998
vn 0.052876 -0.705569 -0.706666
vn -0.017639 -0.707327 -0.706666
vn -0.306849 -0.637181 -0.706997
vn -0.338229 -0.621093 -0.706997
vn -0.289563 -0.641734 -0.710163
vn -0.225342 -0.670704 -0.706666
vn -0.157444 -0.689807 -0.706667
vn -0.157445 -0.689807 -0.706666
vn -0.035251 -0.706338 -0.706997
vn -0.070419 -0.703702 -0.706997
vn -0.017685 -0.709087 -0.704899
vn -0.017641 -0.707326 -0.706667
vn -0.368768 -0.603460 -0.706998
vn -0.398388 -0.584330 -0.706998
vn -0.352020 -0.609712 -0.710164
vn -0.225344 -0.670703 -0.706667
vn -0.087980 -0.702055 -0.706667
vn -0.105398 -0.699320 -0.706996
vn -0.140138 -0.693194 -0.706996
vn -0.087978 -0.702055 -0.706667
vn -0.088199 -0.703803 -0.704899
vn -0.427026 -0.563742 -0.706996
vn -0.454586 -0.541764 -0.706996
vn -0.410976 -0.571634 -0.710164
vn -0.291006 -0.644932 -0.706667
vn -0.291006 -0.644932 -0.706667
vn -0.174509 -0.685348 -0.706997
vn -0.208453 -0.675798 -0.706997
vn -0.157444 -0.689807 -0.706667
vn -0.157834 -0.691524 -0.704899
vn -0.157442 -0.689807 -0.706667
vn -0.481031 -0.518425 -0.706997
vn -0.506268 -0.493810 -0.706997
vn -0.465850 -0.527874 -0.710164
vn -0.353771 -0.612755 -0.706667
vn -0.353776 -0.612753 -0.706665
vn -0.241884 -0.664566 -0.706997
vn -0.274711 -0.651682 -0.706997
vn -0.225344 -0.670703 -0.706667
vn -0.225905 -0.672372 -0.704899
vn -0.225344 -0.670703 -0.706667
vn -0.530261 -0.467951 -0.706997
vn -0.552924 -0.440943 -0.706997
vn -0.516094 -0.478867 -0.710165
vn -0.413025 -0.574485 -0.706666
vn -0.468173 -0.530506 -0.706666
vn -0.413030 -0.574483 -0.706665
vn -0.291006 -0.644932 -0.706667
vn -0.291006 -0.644932 -0.706667
vn -0.306849 -0.637180 -0.706997
vn -0.338234 -0.621090 -0.706997
vn -0.291730 -0.646537 -0.704899
vn -0.353771 -0.612754 -0.706667
vn -0.574217 -0.412831 -0.706997
vn -0.594078 -0.383700 -0.706997
vn -0.561212 -0.425099 -0.710164
vn -0.468173 -0.530506 -0.706666
vn -0.368769 -0.603460 -0.706998
vn -0.398377 -0.584337 -0.706998
vn -0.354653 -0.614278 -0.704900
vn -0.353772 -0.612753 -0.706668
vn -0.600746 -0.367113 -0.710164
vn -0.612470 -0.353605 -0.706996
vn -0.629331 -0.322643 -0.706996
vn -0.518667 -0.481255 -0.706667
vn -0.564009 -0.427218 -0.706667
vn -0.518670 -0.481253 -0.706666
vn -0.413027 -0.574482 -0.706668
vn -0.427026 -0.563742 -0.706996
vn -0.454586 -0.541764 -0.706996
vn -0.413028 -0.574481 -0.706667
vn -0.414057 -0.575913 -0.704898
vn -0.468172 -0.530505 -0.706667
vn -0.644631 -0.290870 -0.706998
vn -0.658331 -0.258371 -0.706998
vn -0.634316 -0.305468 -0.710163
vn -0.564007 -0.427224 -0.706665
vn -0.468173 -0.530504 -0.706668
vn -0.481035 -0.518422 -0.706996
vn -0.506275 -0.493804 -0.706996
vn -0.469340 -0.531826 -0.704898
vn -0.518668 -0.481252 -0.706668
vn -0.670391 -0.225238 -0.706996
vn -0.680784 -0.191545 -0.706996
vn -0.661578 -0.240796 -0.710163
vn -0.603741 -0.368943 -0.706667
vn -0.603745 -0.368940 -0.706665
vn -0.564007 -0.427223 -0.706666
vn -0.530252 -0.467962 -0.706997
vn -0.552926 -0.440940 -0.706997
vn -0.519955 -0.482456 -0.704899
vn -0.518665 -0.481259 -0.706666
vn -0.689484 -0.157374 -0.706998
vn -0.696471 -0.122808 -0.706998
vn -0.682267 -0.173725 -0.710163
vn -0.637478 -0.306991 -0.706668
vn -0.664875 -0.241996 -0.706668
vn -0.637480 -0.306988 -0.706666
vn -0.565412 -0.428282 -0.704899
vn -0.603743 -0.368939 -0.706667
vn -0.574217 -0.412831 -0.706997
vn -0.594083 -0.383692 -0.706997
vn -0.564008 -0.427219 -0.706667
vn -0.696172 -0.104931 -0.710164
vn -0.701727 -0.087936 -0.706998
vn -0.705238 -0.052848 -0.706998
vn -0.706667 -0.035270 -0.706667
vn -0.703162 -0.035095 -0.710163
vn -0.664875 -0.241998 -0.706667
vn -0.605248 -0.369854 -0.704900
vn -0.603744 -0.368935 -0.706668
vn -0.612466 -0.353613 -0.706996
vn -0.629334 -0.322638 -0.706996
vn -0.685667 -0.174592 -0.706667
vn -0.685668 -0.174590 -0.706667
vn -0.639061 -0.307763 -0.704900
vn -0.637473 -0.306998 -0.706669
vn -0.644629 -0.290875 -0.706998
vn -0.658326 -0.258382 -0.706998
vn -0.637482 -0.306988 -0.706665
vn -0.706667 -0.035269 -0.706667
vn -0.699644 -0.105454 -0.706667
vn -0.699644 -0.105454 -0.706666
vn -0.706667 -0.035269 -0.706666
vn -0.664875 -0.241998 -0.706667
vn -0.664880 -0.241990 -0.706665
vn -0.670396 -0.225219 -0.706998
vn -0.680777 -0.191563 -0.706998
vn -0.666534 -0.242592 -0.704898
vn -0.685666 -0.174596 -0.706667
vn -0.685668 -0.174592 -0.706666
vn -0.689486 -0.157369 -0.706996
vn -0.696475 -0.122794 -0.706996
vn -0.699644 -0.105454 -0.706666
vn -0.687374 -0.175031 -0.704898
vn -0.706666 -0.035272 -0.706668
vn -0.701729 -0.087950 -0.706995
vn -0.705242 -0.052835 -0.706995
vn -0.699644 -0.105449 -0.706668
vn -0.701386 -0.105711 -0.704899
vn -0.708425 -0.035360 -0.704899
vn -0.706997 -0.017632 -0.706997
vn -0.706997 -0.017639 -0.706997
vn -0.705238 0.052848 -0.706998
vn -0.701727 0.087936 -0.706998
vn -0.703162 0.035095 -0.710163
vn -0.696471 0.122808 -0.706998
vn -0.689484 0.157374 -0.706998
vn -0.696172 0.104931 -0.710164
vn -0.680785 0.191544 -0.706996
vn -0.670391 0.225239 -0.706996
vn -0.682267 0.173725 -0.710163
vn -0.706667 0.035269 -0.706667
vn -0.706667 0.035270 -0.706666
vn -0.658331 0.258371 -0.706998
vn -0.644631 0.290870 -0.706998
vn -0.661578 0.240796 -0.710163
vn -0.699644 0.105454 -0.706666
vn -0.699644 0.105454 -0.706667
vn -0.629332 0.322642 -0.706996
vn -0.612469 0.353607 -0.706996
vn -0.634316 0.305468 -0.710163
vn -0.685668 0.174592 -0.706667
vn -0.685667 0.174590 -0.706667
vn -0.708425 0.035360 -0.704899
vn -0.706667 0.035272 -0.706667
vn -0.706666 0.035269 -0.706668
vn -0.705242 0.052835 -0.706995
vn -0.701729 0.087950 -0.706995
vn -0.600746 0.367113 -0.710164
vn -0.594078 0.383700 -0.706997
vn -0.574216 0.412833 -0.706997
vn -0.664875 0.241996 -0.706668
vn -0.999689 0.024941 0.000000
vn -0.999689 0.024941 0.000000
vn -0.997205 0.074708 0.000000
vn -0.997205 0.074708 0.000000
vn -0.992237 0.124361 -0.000000
vn -0.992237 0.124361 0.000000
vn -0.984811 0.173630 -0.000000
vn -0.984811 0.173630 0.000000
vn -0.974928 0.222518 -0.000000
vn -0.974928 0.222518 0.000000
vn -0.962616 0.270869 0.000000
vn -0.962616 0.270869 0.000000
vn -0.947937 0.318459 -0.000000
vn -0.947937 0.318459 0.000000
vn -0.930870 0.365351 -0.000000
vn -0.930870 0.365351 0.000000
vn -0.911502 0.411296 0.000000
vn -0.911502 0.411296 0.000000
vn -0.889874 0.456207 0.000000
vn -0.889874 0.456207 0.000000
vn -0.866024 0.500002 0.000000
vn -0.866024 0.500002 0.000000
vn -0.840028 0.542543 0.000000
vn -0.840028 0.542543 -0.000000
vn -0.811940 0.583741 0.000000
vn -0.811940 0.583741 0.000000
vn -0.781831 0.623491 0.000000
vn -0.781831 0.623491 -0.000000
vn -0.749777 0.661691 0.000000
vn -0.749777 0.661691 0.000000
vn -0.715869 0.698234 0.000000
vn -0.715869 0.698234 -0.000000
vn -0.680174 0.733050 0.000000
vn -0.680174 0.733050 0.000000
vn -0.642781 0.766050 0.000000
vn -0.642781 0.766050 0.000000
vn -0.603812 0.797126 0.000000
vn -0.603812 0.797126 0.000000
vn -0.563310 0.826246 0.000000
vn -0.563310 0.826246 -0.000000
vn -0.521445 0.853285 0.000000
vn -0.521445 0.853285 0.000000
vn -0.478254 0.878222 0.000000
vn -0.478254 0.878222 -0.000000
vn -0.433883 0.900969 -0.000000
vn -0.433883 0.900969 0.000000
vn -0.388439 0.921474 0.000000
vn -0.388439 0.921474 0.000000
vn -0.342023 0.939692 0.000000
vn -0.294742 0.955577 0.000000
vn -0.342023 0.939692 0.000000
vn -0.246764 0.969076 0.000000
vn -0.294742 0.955577 0.000000
vn -0.246764 0.969076 0.000000
vn -0.198153 0.980171 0.000000
vn -0.198153 0.980171 0.000000
vn -0.149033 0.988832 0.000000
vn -0.149033 0.988832 0.000000
vn -0.099572 0.995030 0.000000
vn -0.049844 0.998757 0.000000
vn -0.099572 0.995030 0.000000
vn -0.049844 0.998757 -0.000000
vn 0.000000 1.000000 0.000000
vn 0.000000 1.000000 -0.000000
vn 0.049844 0.998757 0.000000
vn 0.049844 0.998757 -0.000000
vn 0.099572 0.995030 -0.000000
vn 0.149033 0.988832 0.000000
vn 0.099572 0.995030 -0.000000
vn 0.149033 0.988832 0.000000
vn 0.198153 0.980171 -0.000000
vn 0.198153 0.980171 -0.000000
vn 0.246764 0.969076 -0.000000
vn 0.246764 0.969076 -0.000000
vn 0.294742 0.955577 -0.000000
vn 0.294742 0.955577 -0.000000
vn 0.342023 0.939692 -0.000000
vn 0.342023 0.939692 -0.000000
vn 0.388439 0.921474 -0.000000
vn 0.388439 0.921474 -0.000000
vn 0.433883 0.900969 -0.000000
vn 0.433883 0.900969 0.000000
vn 0.478254 0.878222 -0.000000
vn 0.478254 0.878222 0.000000
vn 0.521445 0.853285 0.000000
vn 0.521445 0.853285 -0.000000
vn 0.563310 0.826246 -0.000000
vn 0.563310 0.826246 0.000000
vn 0.603812 0.797126 -0.000000
vn 0.603812 0.797126 -0.000000
vn 0.642781 0.766050 -0.000000
vn 0.642781 0.766050 -0.000000
vn 0.680174 0.733050 0.000000
vn 0.680174 0.733050 -0.000000
vn 0.715869 0.698234 -0.000000
vn 0.715869 0.698234 0.000000
vn 0.749777 0.661691 -0.000000
vn 0.749777 0.661691 -0.000000
vn 0.781831 0.623491 -0.000000
vn 0.781831 0.623491 0.000000
vn 0.811940 0.583741 0.000000
vn 0.811940 0.583741 -0.000000
vn 0.840028 0.542543 0.000000
vn 0.840028 0.542543 0.000000
vn 0.866024 0.500002 -0.000000
vn 0.866024 0.500002 -0.000000
vn 0.889874 0.456207 0.000000
vn 0.889874 0.456207 -0.000000
vn 0.911502 0.411296 -0.000000
vn 0.911502 0.411296 0.000000
vn 0.930870 0.365351 -0.000000
vn 0.930870 0.365351 0.000000
vn 0.947937 0.318459 -0.000000
vn 0.947937 0.318459 0.000000
vn 0.962616 0.270869 -0.000000
vn 0.962616 0.270869 -0.000000
vn 0.974928 0.222518 0.000000
vn 0.974928 0.222518 -0.000000
vn 0.984811 0.173630 0.000000
vn 0.984811 0.173630 -0.000000
vn 0.992237 0.124361 0.000000
vn 0.992237 0.124361 -0.000000
vn 0.997205 0.074708 -0.000000
vn 0.997205 0.074708 -0.000000
vn 0.999689 0.024941 -0.000000
vn 0.999689 0.024941 0.000000
vn 0.999689 -0.024941 0.000000
vn 0.999689 -0.024941 0.000000
vn 0.997205 -0.074708 0.000000
vn 0.997205 -0.074708 0.000000
vn 0.992237 -0.124361 0.000000
vn 0.992237 -0.124361 -0.000000
vn 0.984811 -0.173630 0.000000
vn 0.984811 -0.173630 -0.000000
vn 0.974928 -0.222518 0.000000
vn 0.974928 -0.222518 -0.000000
vn 0.962616 -0.270869 0.000000
vn 0.962616 -0.270869 0.000000
vn 0.947937 -0.318459 0.000000
vn 0.947937 -0.318459 -0.000000
vn 0.930870 -0.365351 0.000000
vn 0.930870 -0.365351 -0.000000
vn 0.911502 -0.411296 0.000000
vn 0.911502 -0.411296 0.000000
vn 0.889874 -0.456207 0.000000
vn 0.889874 -0.456207 0.000000
vn 0.866022 -0.500006 0.000000
vn 0.840031 -0.542539 0.000000
vn 0.866022 -0.500006 0.000000
vn 0.840031 -0.542539 -0.000000
vn 0.811940 -0.583741 0.000000
vn 0.811940 -0.583741 0.000000
vn 0.781834 -0.623486 0.000000
vn 0.781834 -0.623486 0.000000
vn 0.749772 -0.661696 0.000000
vn 0.749772 -0.661696 0.000000
vn 0.715869 -0.698234 -0.000000
vn 0.715869 -0.698234 0.000000
vn 0.680180 -0.733046 -0.000000
vn 0.642781 -0.766050 0.000000
vn 0.680180 -0.733046 0.000000
vn 0.642781 -0.766050 0.000000
vn 0.603812 -0.797126 0.000000
vn 0.603812 -0.797126 0.000000
vn 0.563304 -0.826250 0.000000
vn 0.563304 -0.826250 0.000000
vn 0.521438 -0.853289 -0.000000
vn 0.521438 -0.853289 0.000000
vn 0.478261 -0.878218 0.000000
vn 0.478261 -0.878218 0.000000
vn 0.433883 -0.900969 -0.000000
vn 0.433883 -0.900969 0.000000
vn 0.388439 -0.921474 0.000000
vn 0.388439 -0.921474 0.000000
vn 0.342023 -0.939692 0.000000
vn 0.342023 -0.939692 0.000000
vn 0.294751 -0.955574 0.000000
vn 0.294751 -0.955574 0.000000
vn 0.246755 -0.969078 0.000000
vn 0.246755 -0.969078 0.000000
vn 0.198153 -0.980171 0.000000
vn 0.198153 -0.980171 0.000000
vn 0.149033 -0.988832 0.000000
vn 0.099572 -0.995030 0.000000
vn 0.149033 -0.988832 0.000000
vn 0.099572 -0.995030 0.000000
vn 0.049844 -0.998757 -0.000000
vn 0.049844 -0.998757 0.000000
vn 0.000000 -1.000000 0.000000
vn 0.000000 -1.000000 0.000000
vn -0.049844 -0.998757 0.000000
vn -0.049844 -0.998757 0.000000
vn -0.099572 -0.995030 -0.000000
vn -0.099572 -0.995030 0.000000
vn -0.149033 -0.988832 0.000000
vn -0.198153 -0.980171 -0.000000
vn -0.149033 -0.988832 0.000000
vn -0.198153 -0.980171 -0.000000
vn -0.246755 -0.969078 -0.000000
vn -0.246755 -0.969078 0.000000
vn -0.294751 -0.955574 -0.000000
vn -0.294751 -0.955574 0.000000
vn -0.342023 -0.939692 -0.000000
vn -0.342023 -0.939692 0.000000
vn -0.388439 -0.921474 -0.000000
vn -0.388439 -0.921474 0.000000
vn -0.433883 -0.900969 0.000000
vn -0.478261 -0.878218 -0.000000
vn -0.433883 -0.900969 0.000000
vn -0.478261 -0.878218 -0.000000
vn -0.521438 -0.853289 -0.000000
vn -0.521438 -0.853289 0.000000
vn -0.563304 -0.826250 0.000000
vn -0.603812 -0.797126 -0.000000
vn -0.563304 -0.826250 0.000000
vn -0.603812 -0.797126 -0.000000
vn -0.642781 -0.766050 -0.000000
vn -0.642781 -0.766050 0.000000
vn -0.680180 -0.733046 0.000000
vn -0.680180 -0.733046 0.000000
vn -0.715869 -0.698234 0.000000
vn -0.715869 -0.698234 0.000000
vn -0.749772 -0.661696 0.000000
vn -0.749772 -0.661696 -0.000000
vn -0.781834 -0.623486 -0.000000
vn -0.781834 -0.623486 -0.000000
vn -0.811940 -0.583741 -0.000000
vn -0.811940 -0.583741 0.000000
vn -0.840031 -0.542539 0.000000
vn -0.840031 -0.542539 0.000000
vn -0.866022 -0.500006 0.000000
vn -0.866022 -0.500006 -0.000000
vn -0.889874 -0.456207 0.000000
vn -0.889874 -0.456207 -0.000000
vn -0.911502 -0.411296 0.000000
vn -0.911502 -0.411296 0.000000
vn -0.930870 -0.365351 0.000000
vn -0.930870 -0.365351 0.000000
vn -0.947937 -0.318459 0.000000
vn -0.947937 -0.318459 0.000000
vn -0.962616 -0.270869 0.000000
vn -0.962616 -0.270869 -0.000000
vn -0.974928 -0.222518 0.000000
vn -0.974928 -0.222518 0.000000
vn -0.984811 -0.173630 0.000000
vn -0.984811 -0.173630 0.000000
vn -0.992237 -0.124361 0.000000
vn -0.992237 -0.124361 0.000000
vn -0.997205 -0.074708 0.000000
vn -0.997205 -0.074708 -0.000000
vn -0.999689 -0.024941 0.000000
vn -0.999689 -0.024941 0.000000
vn 1.000000 0.000000 0.000000
vn 1.000000 0.000000 0.000000
vn 1.000000 -0.000000 0.000000
vn -0.000000 0.679700 -0.733490
vn 0.000000 0.679700 -0.733490
vn -0.000000 0.679700 -0.733490
vn -0.000000 0.679700 -0.733490
vn -1.000000 0.000000 0.000000
vn -1.000000 0.000000 0.000000
vn -1.000000 0.000000 0.000000
vn 0.000000 -0.000000 1.000000
vn 0.000000 0.000000 1.000000
vn 0.000000 -0.000000 1.000000
vn 0.000000 0.000000 1.000000
vn 0.000000 -0.000000 1.000000
vn 0.000000 0.000000 1.000000
vn 0.000000 -0.000000 1.000000
vn 0.000000 0.000000 1.000000
vn 0.000000 -0.000000 1.000000
vn 0.000000 0.000000 1.000000
vn 0.000000 -0.000000 1.000000
vn 0.000000 0.000000 1.000000
vn 0.000000 -0.000000 1.000000
vn 0.000000 0.000000 1.000000
vn 0.000000 -0.000000 1.000000
vn 0.000000 0.000000 1.000000
vn 0.000000 -0.000000 1.000000
vn 0.000000 0.000000 1.000000
vn 0.000000 -0.000000 1.000000
vn 0.000000 0.000000 1.000000
vn 0.000000 -0.000000 1.000000
vn 0.000000 0.000000 1.000000
vn 0.000000 -0.000000 1.000000
vn 0.000000 0.000000 1.000000
vn 0.000000 -0.000000 1.000000
vn 0.000000 0.000000 1.000000
vn 0.000000 -0.000000 1.000000
vn 0.000000 0.000000 1.000000
vn 0.000000 -0.000000 1.000000
vn 0.000000 0.000000 1.000000
vn 0.000000 -0.000000 1.000000
vn 0.000000 0.000000 1.000000
vn 0.000000 0.000000 1.000000
vn 0.000000 0.000000 1.000000
vn 0.000000 0.000000 1.000000
vn 0.000000 0.000000 1.000000
vn 0.000000 0.000000 1.000000
vn 0.000000 0.000000 1.000000
vn 0.000000 0.000000 1.000000
vn 0.000000 0.000000 1.000000
vn 0.000000 0.000000 1.000000
vn 0.000000 0.000000 1.000000
vn 0.000000 0.000000 1.000000
vn 0.000000 0.000000 1.000000
vn 0.000000 0.000000 1.000000
vn 0.000000 0.000000 1.000000
vn 0.000000 0.000000 1.000000
vn 0.000000 0.000000 1.000000
vn 0.000000 0.000000 1.000000
vn 0.000000 0.000000 1.000000
vn 0.000000 0.000000 1.000000
vn 0.000000 0.000000 1.000000
vn 0.000000 0.000000 1.000000
vn 0.000000 0.000000 1.000000
vn 0.000000 0.000000 1.000000
vn 0.000000 0.000000 1.000000
vn 0.000000 0.000000 1.000000
vn 0.000000 0.000000 1.000000
vn 0.000000 0.000000 1.000000
vn 0.000000 0.000000 1.000000
vn 0.000000 0.000000 1.000000
vn 0.000000 0.000000 1.000000
vn 0.000000 0.000000 1.000000
vn 0.000000 0.000000 1.000000
vn 0.000000 0.000000 1.000000
vn 0.000000 0.000000 1.000000
vn 0.000000 0.000000 1.000000
vn 0.000000 0.000000 1.000000
vn 0.000000 0.000000 1.000000
vn 0.000000 0.000000 1.000000
vn 0.000000 0.000000 1.000000
vn 0.000000 0.000000 1.000000
vn 0.000000 0.000000 1.000000
vn 0.000000 0.000000 1.000000
vn 0.000000 0.000000 1.000000
vn 0.000000 0.000000 1.000000
vn 0.000000 0.000000 1.000000
vn 0.000000 0.000000 1.000000
vn 0.000000 0.000000 1.000000
vn 0.000000 0.000000 1.000000
vn 0.000000 0.000000 1.000000
vn 0.000000 0.000000 1.000000
vn 0.000000 0.000000 1.000000
vn 0.000000 0.000000 1.000000
vn 0.000000 0.000000 1.000000
vn 0.000000 -0.000000 1.000000
vn 0.000000 0.000000 1.000000
vn 0.000000 0.000000 1.000000
vn 0.000000 0.000000 1.000000
vn 0.000000 0.000000 1.000000
vn 0.000000 -0.000000 1.000000
vn 0.000000 0.000000 1.000000
vn 0.000000 0.000000 1.000000
vn 0.000000 -0.000000 1.000000
vn 0.000000 0.000000 1.000000
vn 0.000000 0.000000 1.000000
vn 0.000000 0.000000 1.000000
vn 0.000000 -0.000000 1.000000
vn 0.000000 0.000000 1.000000
vn 0.000000 0.000000 1.000000
vn 0.000000 0.000000 1.000000
vn 0.000000 -0.000000 1.000000
vn 0.000000 0.000000 1.000000
vn 0.000000 0.000000 1.000000
vn 0.000000 0.000000 1.000000
vn 0.000000 -0.000000 1.000000
vn 0.000000 0.000000 1.000000
vn 0.000000 0.000000 1.000000
vn 0.000000 0.000000 1.000000
vn 0.000000 -0.000000 1.000000
vn 0.000000 0.000000 1.000000
vn 0.000000 -0.000000 1.000000
vn 0.000000 0.000000 1.000000
vn 0.000000 0.000000 1.000000
vn 0.000000 -0.000000 1.000000
vn 0.000000 -0.000000 1.000000
vn 0.000000 -0.000000 1.000000
vn 0.000000 0.000000 1.000000
vn 0.000000 0.000000 1.000000
vn 0.000000 -0.000000 1.000000
vn 0.000000 0.000000 1.000000
vn 0.000000 0.000000 1.000000
vn 0.000000 -0.000000 1.000000
vn 0.000000 -0.000000 1.000000
vn 0.000000 0.000000 1.000000
vn 0.000000 -0.000000 1.000000
vn 0.000000 0.000000 1.000000
vn 0.000000 0.000000 1.000000
vn 0.000000 -0.000000 1.000000
vn 0.000000 0.000000 1.000000
vn 0.000000 0.000000 1.000000
vn 0.000000 0.000000 1.000000
vn 0.000000 0.000000 1.000000
vn 0.000000 0.000000 1.000000
vn 0.000000 0.000000 1.000000
vn 0.000000 0.000000 1.000000
vn 0.000000 0.000000 1.000000
vn 0.000000 0.000000 1.000000
vn 0.000000 0.000000 1.000000
vn 0.000000 0.000000 1.000000
vn 0.000000 0.000000 1.000000
vn 0.000000 0.000000 1.000000
vn 0.000000 0.000000 1.000000
vn 0.000000 0.000000 1.000000
vn 0.000000 0.000000 1.000000
vn 0.000000 0.000000 1.000000
vn 0.000000 0.000000 1.000000
vn 0.000000 0.000000 1.000000
vn 0.000000 0.000000 1.000000
vn 0.000000 0.000000 1.000000
vn 0.000000 0.000000 1.000000
vn 0.000000 0.000000 1.000000
vn 0.000000 0.000000 1.000000
vn 0.000000 0.000000 1.000000
vn 0.000000 0.000000 1.000000
vn 0.000000 0.000000 1.000000
vn 0.000000 0.000000 1.000000
vn 0.000000 0.000000 1.000000
vn 0.000000 0.000000 1.000000
vn 0.000000 0.000000 1.000000
vn 0.000000 0.000000 1.000000
vn 0.000000 0.000000 1.000000
vn 0.000000 0.000000 1.000000
vn 0.000000 0.000000 1.000000
vn 0.000000 0.000000 1.000000
vn 0.000000 0.000000 1.000000
vn 0.000000 0.000000 1.000000
vn 0.000000 0.000000 1.000000
vn 0.000000 0.000000 1.000000
vn 0.000000 0.000000 1.000000
vn 0.000000 0.000000 1.000000
vn 0.000000 0.000000 1.000000
vn 0.000000 0.000000 1.000000
vn 0.000000 0.000000 1.000000
vn 0.000000 0.000000 1.000000
vn 0.000000 0.000000 1.000000
vn 0.000000 0.000000 1.000000
vn 0.000000 0.000000 1.000000
vn 0.000000 0.000000 1.000000
vn 0.000000 0.000000 1.000000
vn 0.000000 0.000000 1.000000
vn 0.000000 0.000000 1.000000
vn 0.000000 0.000000 1.000000
vn 0.000000 0.000000 1.000000
vn 0.000000 0.000000 1.000000
vn 0.000000 0.000000 1.000000
vn 0.000000 0.000000 1.000000
vn 0.000000 0.000000 1.000000
vn 0.000000 0.000000 1.000000
vn 0.000000 0.000000 1.000000
vn 0.000000 0.000000 1.000000
vn 0.000000 0.000000 1.000000
vn 0.000000 0.000000 1.000000
vn 0.000000 0.000000 1.000000
vn 0.000000 0.000000 1.000000
vn 0.000000 0.000000 1.000000
vn 0.000000 0.000000 1.000000
vn 0.000000 0.000000 1.000000
vn 0.000000 0.000000 1.000000
vn 0.000000 0.000000 1.000000
vn 0.000000 0.000000 1.000000
vn 0.000000 0.000000 1.000000
vn 0.000000 0.000000 1.000000
vn 0.000000 0.000000 1.000000
vn 0.000000 0.000000 1.000000
vn 0.000000 0.000000 1.000000
vn 0.000000 0.000000 1.000000
vn 0.000000 0.000000 1.000000
vn 0.000000 0.000000 1.000000
vn 0.000000 0.000000 1.000000
vn 0.000000 0.000000 1.000000
vn 0.000000 0.000000 1.000000
vn 0.000000 0.000000 1.000000
vn 0.000000 0.000000 1.000000
vn 0.000000 0.000000 1.000000
vn 0.000000 0.000000 1.000000
vn 0.000000 0.000000 1.000000
vn 0.000000 0.000000 1.000000
vn 0.000000 0.000000 1.000000
vn 0.000000 0.000000 1.000000
vn 0.000000 0.000000 1.000000
vn 0.000000 0.000000 1.000000
vn 0.000000 0.000000 1.000000
vn 0.000000 0.000000 1.000000
vn 0.000000 0.000000 1.000000
vn 0.000000 0.000000 1.000000
vn 0.000000 0.000000 1.000000
vn 0.000000 0.000000 1.000000
vn 0.000000 0.000000 1.000000
vn 0.000000 0.000000 1.000000
vn 0.000000 0.000000 1.000000
vn 0.000000 0.000000 1.000000
vn 0.000000 0.000000 1.000000
vn 0.000000 0.000000 1.000000
vn 0.000000 0.000000 1.000000
vn 0.000000 0.000000 1.000000
vn 0.000000 0.000000 1.000000
vn 0.000000 0.000000 1.000000
vn 0.000000 0.000000 1.000000
vn 0.000000 0.000000 1.000000
vn 0.000000 0.000000 1.000000
vn 0.000000 0.000000 1.000000
vn 0.000000 0.000000 1.000000
vn 0.000000 0.000000 1.000000
vn 0.000000 0.000000 1.000000
vn 0.000000 0.000000 1.000000
vn 0.000000 0.000000 1.000000
vn 0.000000 0.000000 1.000000
vn 0.000000 0.000000 1.000000
vn 0.000000 0.000000 1.000000
vn 0.000000 0.000000 1.000000
vn 0.000000 0.000000 1.000000
vn 0.000000 0.000000 1.000000
vn 0.000000 0.000000 1.000000
vn 0.000000 0.000000 1.000000
vn 0.000000 0.000000 1.000000
vn 0.000000 0.000000 1.000000
vn 0.000000 -0.000000 1.000000
vn 0.000000 0.000000 -1.000000
vn 0.000000 -0.000000 -1.000000
vn 0.000000 0.000000 -1.000000
vn 0.000000 0.000000 -1.000000
vn 0.000000 0.000000 1.000000
vn 0.000000 0.000000 1.000000
vn -0.999689 0.024941 0.000000
vn -0.999689 0.024941 0.000000
vn -0.997205 0.074708 0.000000
vn -0.997205 0.074708 0.000000
vn -0.992237 0.124361 -0.000000
vn -0.992237 0.124361 0.000000
vn -0.984811 0.173630 -0.000000
vn -0.984811 0.173630 0.000000
vn -0.974928 0.222518 -0.000000
vn -0.974928 0.222518 0.000000
vn -0.962616 0.270869 0.000000
vn -0.962616 0.270869 0.000000
vn -0.947937 0.318459 -0.000000
vn -0.947937 0.318459 0.000000
vn -0.930870 0.365351 -0.000000
vn -0.930870 0.365351 0.000000
vn -0.911502 0.411296 0.000000
vn -0.911502 0.411296 0.000000
vn -0.889874 0.456207 0.000000
vn -0.889874 0.456207 0.000000
vn -0.866024 0.500002 0.000000
vn -0.866024 0.500002 0.000000
vn -0.840028 0.542543 0.000000
vn -0.840028 0.542543 -0.000000
vn -0.811940 0.583741 0.000000
vn -0.811940 0.583741 0.000000
vn -0.781831 0.623491 0.000000
vn -0.781831 0.623491 -0.000000
vn -0.749777 0.661691 0.000000
vn -0.749777 0.661691 0.000000
vn -0.715869 0.698234 0.000000
vn -0.715869 0.698234 -0.000000
vn -0.680174 0.733050 0.000000
vn -0.680174 0.733050 0.000000
vn -0.642781 0.766050 0.000000
vn -0.642781 0.766050 0.000000
vn -0.603812 0.797126 0.000000
vn -0.603812 0.797126 0.000000
vn -0.563310 0.826246 0.000000
vn -0.563310 0.826246 -0.000000
vn -0.521445 0.853285 0.000000
vn -0.521445 0.853285 0.000000
vn -0.478254 0.878222 0.000000
vn -0.478254 0.878222 -0.000000
vn -0.433883 0.900969 -0.000000
vn -0.433883 0.900969 0.000000
vn -0.388439 0.921474 0.000000
vn -0.388439 0.921474 0.000000
vn -0.342023 0.939692 0.000000
vn -0.294742 0.955577 0.000000
vn -0.342023 0.939692 0.000000
vn -0.246764 0.969076 0.000000
vn -0.294742 0.955577 0.000000
vn -0.246764 0.969076 0.000000
vn -0.198153 0.980171 0.000000
vn -0.198153 0.980171 0.000000
vn -0.149033 0.988832 0.000000
vn -0.149033 0.988832 0.000000
vn -0.099572 0.995030 0.000000
vn -0.049844 0.998757 0.000000
vn -0.099572 0.995030 0.000000
vn -0.049844 0.998757 -0.000000
vn 0.000000 1.000000 0.000000
vn 0.000000 1.000000 -0.000000
vn 0.049844 0.998757 0.000000
vn 0.049844 0.998757 -0.000000
vn 0.099572 0.995030 -0.000000
vn 0.149033 0.988832 0.000000
vn 0.099572 0.995030 -0.000000
vn 0.149033 0.988832 0.000000
vn 0.198153 0.980171 -0.000000
vn 0.198153 0.980171 -0.000000
vn 0.246764 0.969076 -0.000000
vn 0.246764 0.969076 -0.000000
vn 0.294742 0.955577 -0.000000
vn 0.294742 0.955577 -0.000000
vn 0.342023 0.939692 -0.000000
vn 0.342023 0.939692 -0.000000
vn 0.388439 0.921474 -0.000000
vn 0.388439 0.921474 -0.000000
vn 0.433883 0.900969 -0.000000
vn 0.433883 0.900969 0.000000
vn 0.478254 0.878222 -0.000000
vn 0.478254 0.878222 0.000000
vn 0.521445 0.853285 0.000000
vn 0.521445 0.853285 -0.000000
vn 0.563310 0.826246 -0.000000
vn 0.563310 0.826246 0.000000
vn 0.603812 0.797126 -0.000000
vn 0.603812 0.797126 -0.000000
vn 0.642781 0.766050 -0.000000
vn 0.642781 0.766050 -0.000000
vn 0.680174 0.733050 0.000000
vn 0.680174 0.733050 -0.000000
vn 0.715869 0.698234 -0.000000
vn 0.715869 0.698234 0.000000
vn 0.749777 0.661691 -0.000000
vn 0.749777 0.661691 -0.000000
vn 0.781831 0.623491 -0.000000
vn 0.781831 0.623491 0.000000
vn 0.811940 0.583741 0.000000
vn 0.811940 0.583741 -0.000000
vn 0.840028 0.542543 0.000000
vn 0.840028 0.542543 0.000000
vn 0.866024 0.500002 -0.000000
vn 0.866024 0.500002 -0.000000
vn 0.889874 0.456207 0.000000
vn 0.889874 0.456207 -0.000000
vn 0.911502 0.411296 -0.000000
vn 0.911502 0.411296 0.000000
vn 0.930870 0.365351 -0.000000
vn 0.930870 0.365351 0.000000
vn 0.947937 0.318459 -0.000000
vn 0.947937 0.318459 0.000000
vn 0.962616 0.270869 -0.000000
vn 0.962616 0.270869 -0.000000
vn 0.974928 0.222518 0.000000
vn 0.974928 0.222518 -0.000000
vn 0.984811 0.173630 0.000000
vn 0.984811 0.173630 -0.000000
vn 0.992237 0.124361 0.000000
vn 0.992237 0.124361 -0.000000
vn 0.997205 0.074708 -0.000000
vn 0.997205 0.074708 -0.000000
vn 0.999689 0.024941 -0.000000
vn 0.999689 0.024941 0.000000
vn 0.999689 -0.024941 0.000000
vn 0.999689 -0.024941 0.000000
vn 0.997205 -0.074708 0.000000
vn 0.997205 -0.074708 0.000000
vn 0.992237 -0.124361 0.000000
vn 0.992237 -0.124361 -0.000000
vn 0.984811 -0.173630 0.000000
vn 0.984811 -0.173630 -0.000000
vn 0.974928 -0.222518 0.000000
vn 0.974928 -0.222518 -0.000000
vn 0.962616 -0.270869 0.000000
vn 0.962616 -0.270869 0.000000
vn 0.947937 -0.318459 0.000000
vn 0.947937 -0.318459 -0.000000
vn 0.930870 -0.365351 0.000000
vn 0.930870 -0.365351 -0.000000
vn 0.911502 -0.411296 0.000000
vn 0.911502 -0.411296 0.000000
vn 0.889874 -0.456207 0.000000
vn 0.889874 -0.456207 0.000000
vn 0.866022 -0.500006 0.000000
vn 0.840031 -0.542539 0.000000
vn 0.866022 -0.500006 0.000000
vn 0.840031 -0.542539 -0.000000
vn 0.811940 -0.583741 0.000000
vn 0.811940 -0.583741 0.000000
vn 0.781834 -0.623486 0.000000
vn 0.781834 -0.623486 0.000000
vn 0.749772 -0.661696 0.000000
vn 0.749772 -0.661696 0.000000
vn 0.715869 -0.698234 -0.000000
vn 0.715869 -0.698234 0.000000
vn 0.680180 -0.733046 -0.000000
vn 0.642781 -0.766050 0.000000
vn 0.680180 -0.733046 0.000000
vn 0.642781 -0.766050 0.000000
vn 0.603812 -0.797126 0.000000
vn 0.603812 -0.797126 0.000000
vn 0.563304 -0.826250 0.000000
vn 0.563304 -0.826250 0.000000
vn 0.521438 -0.853289 -0.000000
vn 0.521438 -0.853289 0.000000
vn 0.478261 -0.878218 0.000000
vn 0.478261 -0.878218 0.000000
vn 0.433883 -0.900969 -0.000000
vn 0.433883 -0.900969 0.000000
vn 0.388439 -0.921474 0.000000
vn 0.388439 -0.921474 0.000000
vn 0.342023 -0.939692 0.000000
vn 0.342023 -0.939692 0.000000
vn 0.294751 -0.955574 0.000000
vn 0.294751 -0.955574 0.000000
vn 0.246755 -0.969078 0.000000
vn 0.246755 -0.969078 0.000000
vn 0.198153 -0.980171 0.000000
vn 0.198153 -0.980171 0.000000
vn 0.149033 -0.988832 0.000000
vn 0.099572 -0.995030 0.000000
vn 0.149033 -0.988832 0.000000
vn 0.099572 -0.995030 0.000000
vn 0.049844 -0.998757 -0.000000
vn 0.049844 -0.998757 0.000000
vn 0.000000 -1.000000 0.000000
vn 0.000000 -1.000000 0.000000
vn -0.049844 -0.998757 0.000000
vn -0.049844 -0.998757 0.000000
vn -0.099572 -0.995030 -0.000000
vn -0.099572 -0.995030 0.000000
vn -0.149033 -0.988832 0.000000
vn -0.198153 -0.980171 -0.000000
vn -0.149033 -0.988832 0.000000
vn -0.198153 -0.980171 -0.000000
vn -0.246755 -0.969078 -0.000000
vn -0.246755 -0.969078 0.000000
vn -0.294751 -0.955574 -0.000000
vn -0.294751 -0.955574 0.000000
vn -0.342023 -0.939692 -0.000000
vn -0.342023 -0.939692 0.000000
vn -0.388439 -0.921474 -0.000000
vn -0.388439 -0.921474 0.000000
vn -0.433883 -0.900969 0.000000
vn -0.478261 -0.878218 -0.000000
vn -0.433883 -0.900969 0.000000
vn -0.478261 -0.878218 -0.000000
vn -0.521438 -0.853289 -0.000000
vn -0.521438 -0.853289 0.000000
vn -0.563304 -0.826250 0.000000
vn -0.603812 -0.797126 -0.000000
vn -0.563304 -0.826250 0.000000
vn -0.603812 -0.797126 -0.000000
vn -0.642781 -0.766050 -0.000000
vn -0.642781 -0.766050 0.000000
vn -0.680180 -0.733046 0.000000
vn -0.680180 -0.733046 0.000000
vn -0.715869 -0.698234 0.000000
vn -0.715869 -0.698234 0.000000
vn -0.749772 -0.661696 0.000000
vn -0.749772 -0.661696 -0.000000
vn -0.781834 -0.623486 -0.000000
vn -0.781834 -0.623486 -0.000000
vn -0.811940 -0.583741 -0.000000
vn -0.811940 -0.583741 0.000000
vn -0.840031 -0.542539 0.000000
vn -0.840031 -0.542539 0.000000
vn -0.866022 -0.500006 0.000000
vn -0.866022 -0.500006 -0.000000
vn -0.889874 -0.456207 0.000000
vn -0.889874 -0.456207 -0.000000
vn -0.911502 -0.411296 0.000000
vn -0.911502 -0.411296 0.000000
vn -0.930870 -0.365351 0.000000
vn -0.930870 -0.365351 0.000000
vn -0.947937 -0.318459 0.000000
vn -0.947937 -0.318459 0.000000
vn -0.962616 -0.270869 0.000000
vn -0.962616 -0.270869 -0.000000
vn -0.974928 -0.222518 0.000000
vn -0.974928 -0.222518 0.000000
vn -0.984811 -0.173630 0.000000
vn -0.984811 -0.173630 0.000000
vn -0.992237 -0.124361 0.000000
vn -0.992237 -0.124361 0.000000
vn -0.997205 -0.074708 0.000000
vn -0.997205 -0.074708 -0.000000
vn -0.999689 -0.024941 0.000000
vn -0.999689 -0.024941 0.000000
vn 0.000000 1.000000 0.000000
vn 0.000000 1.000000 -0.000000
vn 1.000000 0.000000 0.000000
vn 1.000000 0.000000 0.000000
vn 1.000000 0.000000 0.000000
vn 1.000000 0.000000 0.000000
vn 1.000000 0.000000 0.000000
vn 1.000000 0.000000 0.000000
vn 1.000000 0.000000 0.000000
vn 1.000000 0.000000 0.000000
vn 1.000000 0.000000 0.000000
vn 1.000000 0.000000 0.000000
vn 1.000000 0.000000 0.000000
vn 1.000000 0.000000 0.000000
vn 1.000000 0.000000 0.000000
vn 1.000000 0.000000 0.000000
vn 1.000000 0.000000 0.000000
vn 1.000000 0.000000 0.000000
vn 1.000000 0.000000 0.000000
vn -0.000000 0.707107 0.707107
vn -0.000000 0.707107 0.707107
vn 0.000000 0.000000 1.000000
vn 0.000000 0.000000 1.000000
vn -1.000000 0.000000 0.000000
vn -1.000000 0.000000 0.000000
vn -1.000000 0.000000 0.000000
vn -1.000000 0.000000 0.000000
vn -1.000000 0.000000 0.000000
vn -1.000000 0.000000 0.000000
vn -1.000000 0.000000 0.000000
vn -1.000000 0.000000 0.000000
vn -1.000000 0.000000 -0.000000
vn -1.000000 0.000000 0.000000
vn -1.000000 0.000000 -0.000000
vn -1.000000 0.000000 0.000000
vn -1.000000 0.000000 -0.000000
vn -1.000000 0.000000 0.000000
vn -1.000000 0.000000 0.000000
vn -1.000000 0.000000 0.000000
vn -1.000000 0.000000 0.000000
vn 0.000000 0.000000 1.000000
vn 0.000000 0.000000 1.000000
vn 0.000000 -1.000000 0.000000
vn 0.000000 -1.000000 0.000000
vn 0.000000 -1.000000 0.000000
vn 0.000000 -1.000000 0.000000
vn 0.000000 -1.000000 0.000000
vn 0.000000 -1.000000 0.000000
vn 0.000000 -1.000000 0.000000
vn 0.000000 -1.000000 0.000000
vn 0.000000 -0.000000 -1.000000
vn -0.000000 0.000000 -1.000000
vn -0.000000 1.000000 0.000000
vn 0.000000 1.000000 0.000000
vn -0.000000 1.000000 0.000000
vn 0.000000 1.000000 0.000000
vn 0.000000 0.000000 -1.000000
vn 0.000000 -0.000000 -1.000000
vn 0.000000 0.000000 1.000000
vn 0.000000 -0.000000 1.000000
vn 0.000000 -1.000000 0.000000
vn 0.000000 -1.000000 0.000000
vn 0.000000 -1.000000 0.000000
vn 0.000000 -1.000000 0.000000
vn 0.000000 0.000000 -1.000000
vn -0.000000 -0.000000 -1.000000
vn 0.000000 0.000000 1.000000
vn 0.000000 0.000000 1.000000
vn 0.000000 0.707107 -0.707107
vn 0.000000 0.707107 -0.707107
vn -0.000000 0.707107 0.707107
vn -0.000000 0.707107 0.707107
vn 0.000000 1.000000 -0.000000
vn 0.000000 1.000000 0.000000
vn 0.000000 1.000000 0.000000
vn 0.000000 1.000000 0.000000
vn 0.000000 1.000000 0.000000
vn 0.000000 1.000000 -0.000000
vn 0.000000 1.000000 -0.000000
vn 0.000000 1.000000 0.000000
vn 0.000000 1.000000 0.000000
vn 0.000000 1.000000 -0.000000
vn 0.000000 1.000000 0.000000
vn 0.000000 1.000000 0.000000
vn -1.000000 0.000000 0.000000
vn -1.000000 0.000000 0.000000
vn 0.000000 0.000000 1.000000
vn -0.000000 0.000000 1.000000
vn 1.000000 -0.000000 0.000000
vn 1.000000 0.000000 0.000000
vn 0.000000 0.000000 -1.000000
vn -0.000000 0.000000 -1.000000
vn 0.000000 1.000000 0.000000
vn 0.000000 1.000000 -0.000000
vn 1.000000 0.000000 0.000000
vn 1.000000 0.000000 0.000000
vn 1.000000 0.000000 0.000000
vn 1.000000 0.000000 0.000000
vn 1.000000 0.000000 0.000000
vn 1.000000 0.000000 0.000000
vn 1.000000 0.000000 0.000000
vn 1.000000 0.000000 0.000000
vn 1.000000 0.000000 0.000000
vn 1.000000 0.000000 0.000000
vn 1.000000 0.000000 0.000000
vn 1.000000 0.000000 0.000000
vn 1.000000 0.000000 0.000000
vn 1.000000 0.000000 0.000000
vn 1.000000 0.000000 0.000000
vn 1.000000 0.000000 0.000000
vn 1.000000 0.000000 0.000000
vn -0.000000 0.707107 0.707107
vn -0.000000 0.707107 0.707107
vn 0.000000 0.000000 1.000000
vn 0.000000 0.000000 1.000000
vn -1.000000 0.000000 0.000000
vn -1.000000 0.000000 0.000000
vn -1.000000 0.000000 0.000000
vn -1.000000 0.000000 0.000000
vn -1.000000 0.000000 0.000000
vn -1.000000 0.000000 0.000000
vn -1.000000 0.000000 0.000000
vn -1.000000 0.000000 0.000000
vn -1.000000 0.000000 -0.000000
vn -1.000000 0.000000 0.000000
vn -1.000000 0.000000 -0.000000
vn -1.000000 0.000000 0.000000
vn -1.000000 0.000000 -0.000000
vn -1.000000 0.000000 0.000000
vn -1.000000 0.000000 0.000000
vn -1.000000 0.000000 0.000000
vn -1.000000 0.000000 0.000000
vn 0.000000 0.000000 1.000000
vn 0.000000 0.000000 1.000000
vn 0.000000 -1.000000 0.000000
vn 0.000000 -1.000000 0.000000
vn 0.000000 -1.000000 0.000000
vn 0.000000 -1.000000 0.000000
vn 0.000000 -1.000000 0.000000
vn 0.000000 -1.000000 0.000000
vn 0.000000 -1.000000 0.000000
vn 0.000000 -1.000000 0.000000
vn 0.000000 -0.000000 -1.000000
vn -0.000000 0.000000 -1.000000
vn -0.000000 1.000000 0.000000
vn 0.000000 1.000000 0.000000
vn -0.000000 1.000000 0.000000
vn 0.000000 1.000000 0.000000
vn 0.000000 0.000000 -1.000000
vn 0.000000 -0.000000 -1.000000
vn 0.000000 0.000000 1.000000
vn 0.000000 -0.000000 1.000000
vn 0.000000 -1.000000 0.000000
vn 0.000000 -1.000000 0.000000
vn 0.000000 -1.000000 0.000000
vn 0.000000 -1.000000 0.000000
vn 0.000000 0.000000 -1.000000
vn -0.000000 -0.000000 -1.000000
vn 0.000000 0.000000 1.000000
vn 0.000000 0.000000 1.000000
vn 0.000000 0.707107 -0.707107
vn 0.000000 0.707107 -0.707107
vn -0.000000 0.707107 0.707107
vn -0.000000 0.707107 0.707107
vn 0.000000 1.000000 -0.000000
vn 0.000000 1.000000 0.000000
vn 0.000000 1.000000 0.000000
vn 0.000000 1.000000 0.000000
vn 0.000000 1.000000 0.000000
vn 0.000000 1.000000 -0.000000
vn 0.000000 1.000000 -0.000000
vn 0.000000 1.000000 0.000000
vn 0.000000 1.000000 0.000000
vn 0.000000 1.000000 -0.000000
vn 0.000000 1.000000 0.000000
vn 0.000000 1.000000 0.000000
vn -1.000000 0.000000 0.000000
vn -1.000000 0.000000 0.000000
vn 0.000000 0.000000 1.000000
vn -0.000000 0.000000 1.000000
vn 1.000000 -0.000000 0.000000
vn 1.000000 0.000000 0.000000
vn 0.000000 0.000000 -1.000000
vn -0.000000 0.000000 -1.000000
vn 0.000000 1.000000 0.000000
vn 0.000000 1.000000 -0.000000
vn 1.000000 0.000000 0.000000
vn 1.000000 0.000000 0.000000
vn 1.000000 0.000000 0.000000
vn 1.000000 0.000000 0.000000
vn 1.000000 0.000000 0.000000
vn 1.000000 0.000000 0.000000
vn 1.000000 0.000000 0.000000
vn 1.000000 0.000000 0.000000
vn 1.000000 0.000000 0.000000
vn 1.000000 0.000000 0.000000
vn 1.000000 0.000000 0.000000
vn 1.000000 0.000000 0.000000
vn 1.000000 0.000000 0.000000
vn 1.000000 0.000000 0.000000
vn 1.000000 0.000000 0.000000
vn 1.000000 0.000000 0.000000
vn 1.000000 0.000000 0.000000
vn -0.000000 0.707107 0.707107
vn -0.000000 0.707107 0.707107
vn 0.000000 0.000000 1.000000
vn 0.000000 0.000000 1.000000
vn -1.000000 0.000000 0.000000
vn -1.000000 0.000000 0.000000
vn -1.000000 0.000000 0.000000
vn -1.000000 0.000000 0.000000
vn -1.000000 0.000000 0.000000
vn -1.000000 0.000000 0.000000
vn -1.000000 0.000000 0.000000
vn -1.000000 0.000000 0.000000
vn -1.000000 0.000000 -0.000000
vn -1.000000 0.000000 0.000000
vn -1.000000 0.000000 -0.000000
vn -1.000000 0.000000 0.000000
vn -1.000000 0.000000 -0.000000
vn -1.000000 0.000000 0.000000
vn -1.000000 0.000000 0.000000
vn -1.000000 0.000000 0.000000
vn -1.000000 0.000000 0.000000
vn 0.000000 0.000000 1.000000
vn 0.000000 0.000000 1.000000
vn 0.000000 -1.000000 0.000000
vn 0.000000 -1.000000 0.000000
vn 0.000000 -1.000000 0.000000
vn 0.000000 -1.000000 0.000000
vn 0.000000 -1.000000 0.000000
vn 0.000000 -1.000000 0.000000
vn 0.000000 -1.000000 0.000000
vn 0.000000 -1.000000 0.000000
vn 0.000000 -0.000000 -1.000000
vn -0.000000 0.000000 -1.000000
vn -0.000000 1.000000 0.000000
vn 0.000000 1.000000 0.000000
vn -0.000000 1.000000 0.000000
vn 0.000000 1.000000 0.000000
vn 0.000000 0.000000 -1.000000
vn 0.000000 -0.000000 -1.000000
vn 0.000000 0.000000 1.000000
vn 0.000000 -0.000000 1.000000
vn 0.000000 -1.000000 0.000000
vn 0.000000 -1.000000 0.000000
vn 0.000000 -1.000000 0.000000
vn 0.000000 -1.000000 0.000000
vn 0.000000 0.000000 -1.000000
vn -0.000000 -0.000000 -1.000000
vn 0.000000 0.000000 1.000000
vn 0.000000 0.000000 1.000000
vn 0.000000 0.707107 -0.707107
vn 0.000000 0.707107 -0.707107
vn -0.000000 0.707107 0.707107
vn -0.000000 0.707107 0.707107
vn 0.000000 1.000000 -0.000000
vn 0.000000 1.000000 0.000000
vn 0.000000 1.000000 0.000000
vn 0.000000 1.000000 0.000000
vn 0.000000 1.000000 0.000000
vn 0.000000 1.000000 -0.000000
vn 0.000000 1.000000 -0.000000
vn 0.000000 1.000000 0.000000
vn 0.000000 1.000000 0.000000
vn 0.000000 1.000000 -0.000000
vn 0.000000 1.000000 0.000000
vn 0.000000 1.000000 0.000000
vn -1.000000 0.000000 0.000000
vn -1.000000 0.000000 0.000000
vn 0.000000 0.000000 1.000000
vn -0.000000 0.000000 1.000000
vn 1.000000 -0.000000 0.000000
vn 1.000000 0.000000 0.000000
vn 0.000000 0.000000 -1.000000
vn -0.000000 0.000000 -1.000000
vn 0.000000 1.000000 0.000000
vn 0.000000 1.000000 -0.000000
vn 1.000000 0.000000 0.000000
vn 1.000000 0.000000 0.000000
vn 1.000000 0.000000 0.000000
vn 1.000000 0.000000 0.000000
vn 1.000000 0.000000 0.000000
vn 1.000000 0.000000 0.000000
vn 1.000000 0.000000 0.000000
vn 1.000000 0.000000 0.000000
vn 1.000000 0.000000 0.000000
vn 1.000000 0.000000 0.000000
vn 1.000000 0.000000 0.000000
vn 1.000000 0.000000 0.000000
vn 1.000000 0.000000 0.000000
vn 1.000000 0.000000 0.000000
vn 1.000000 0.000000 0.000000
vn 1.000000 0.000000 0.000000
vn 1.000000 0.000000 0.000000
vn -0.000000 0.707107 0.707107
vn -0.000000 0.707107 0.707107
vn 0.000000 0.000000 1.000000
vn 0.000000 0.000000 1.000000
vn -1.000000 0.000000 0.000000
vn -1.000000 0.000000 0.000000
vn -1.000000 0.000000 0.000000
vn -1.000000 0.000000 0.000000
vn -1.000000 0.000000 0.000000
vn -1.000000 0.000000 0.000000
vn -1.000000 0.000000 0.000000
vn -1.000000 0.000000 0.000000
vn -1.000000 0.000000 -0.000000
vn -1.000000 0.000000 0.000000
vn -1.000000 0.000000 -0.000000
vn -1.000000 0.000000 0.000000
vn -1.000000 0.000000 -0.000000
vn -1.000000 0.000000 0.000000
vn -1.000000 0.000000 0.000000
vn -1.000000 0.000000 0.000000
vn -1.000000 0.000000 0.000000
vn 0.000000 0.000000 1.000000
vn 0.000000 0.000000 1.000000
vn 0.000000 -1.000000 0.000000
vn 0.000000 -1.000000 0.000000
vn 0.000000 -1.000000 0.000000
vn 0.000000 -1.000000 0.000000
vn 0.000000 -1.000000 0.000000
vn 0.000000 -1.000000 0.000000
vn 0.000000 -1.000000 0.000000
vn 0.000000 -1.000000 0.000000
vn 0.000000 -0.000000 -1.000000
vn -0.000000 0.000000 -1.000000
vn -0.000000 1.000000 0.000000
vn 0.000000 1.000000 0.000000
vn -0.000000 1.000000 0.000000
vn 0.000000 1.000000 0.000000
vn 0.000000 0.000000 -1.000000
vn 0.000000 -0.000000 -1.000000
vn 0.000000 0.000000 1.000000
vn 0.000000 -0.000000 1.000000
vn 0.000000 -1.000000 0.000000
vn 0.000000 -1.000000 0.000000
vn 0.000000 -1.000000 0.000000
vn 0.000000 -1.000000 0.000000
vn 0.000000 0.000000 -1.000000
vn -0.000000 -0.000000 -1.000000
vn 0.000000 0.000000 1.000000
vn 0.000000 0.000000 1.000000
vn 0.000000 0.707107 -0.707107
vn 0.000000 0.707107 -0.707107
vn -0.000000 0.707107 0.707107
vn -0.000000 0.707107 0.707107
vn 0.000000 1.000000 -0.000000
vn 0.000000 1.000000 0.000000
vn 0.000000 1.000000 0.000000
vn 0.000000 1.000000 0.000000
vn 0.000000 1.000000 0.000000
vn 0.000000 1.000000 -0.000000
vn 0.000000 1.000000 -0.000000
vn 0.000000 1.000000 0.000000
vn 0.000000 1.000000 0.000000
vn 0.000000 1.000000 -0.000000
vn 0.000000 1.000000 0.000000
vn 0.000000 1.000000 0.000000
vn -1.000000 0.000000 0.000000
vn -1.000000 0.000000 0.000000
vn 0.000000 0.000000 1.000000
vn -0.000000 0.000000 1.000000
vn 1.000000 -0.000000 0.000000
vn 1.000000 0.000000 0.000000
vn 0.000000 0.000000 -1.000000
vn -0.000000 0.000000 -1.000000
vn 0.000000 1.000000 0.000000
vn 0.000000 1.000000 -0.000000
vn 1.000000 0.000000 0.000000
vn 1.000000 0.000000 0.000000
vn 1.000000 0.000000 0.000000
vn 1.000000 0.000000 0.000000
vn 1.000000 0.000000 0.000000
vn 1.000000 0.000000 0.000000
vn 1.000000 0.000000 0.000000
vn 1.000000 0.000000 0.000000
vn 1.000000 0.000000 0.000000
vn 1.000000 0.000000 0.000000
vn 1.000000 0.000000 0.000000
vn 1.000000 0.000000 0.000000
vn 1.000000 0.000000 0.000000
vn 1.000000 0.000000 0.000000
vn 1.000000 0.000000 0.000000
vn 1.000000 0.000000 0.000000
vn 1.000000 0.000000 0.000000
vn -0.000000 0.707107 0.707107
vn -0.000000 0.707107 0.707107
vn 0.000000 0.000000 1.000000
vn 0.000000 0.000000 1.000000
vn -1.000000 0.000000 0.000000
vn -1.000000 0.000000 0.000000
vn -1.000000 0.000000 0.000000
vn -1.000000 0.000000 0.000000
vn -1.000000 0.000000 0.000000
vn -1.000000 0.000000 0.000000
vn -1.000000 0.000000 0.000000
vn -1.000000 0.000000 0.000000
vn -1.000000 0.000000 -0.000000
vn -1.000000 0.000000 0.000000
vn -1.000000 0.000000 -0.000000
vn -1.000000 0.000000 0.000000
vn -1.000000 0.000000 -0.000000
vn -1.000000 0.000000 0.000000
vn -1.000000 0.000000 0.000000
vn -1.000000 0.000000 0.000000
vn -1.000000 0.000000 0.000000
vn 0.000000 0.000000 1.000000
vn 0.000000 0.000000 1.000000
vn 0.000000 -1.000000 0.000000
vn 0.000000 -1.000000 0.000000
vn 0.000000 -1.000000 0.000000
vn 0.000000 -1.000000 0.000000
vn 0.000000 -1.000000 0.000000
vn 0.000000 -1.000000 0.000000
vn 0.000000 -1.000000 0.000000
vn 0.000000 -1.000000 0.000000
vn 0.000000 -0.000000 -1.000000
vn -0.000000 0.000000 -1.000000
vn -0.000000 1.000000 0.000000
vn 0.000000 1.000000 0.000000
vn -0.000000 1.000000 0.000000
vn 0.000000 1.000000 0.000000
vn 0.000000 0.000000 -1.000000
vn 0.000000 -0.000000 -1.000000
vn 0.000000 0.000000 1.000000
vn 0.000000 -0.000000 1.000000
vn 0.000000 -1.000000 0.000000
vn 0.000000 -1.000000 0.000000
vn 0.000000 -1.000000 0.000000
vn 0.000000 -1.000000 0.000000
vn 0.000000 0.000000 -1.000000
vn -0.000000 -0.000000 -1.000000
vn 0.000000 0.000000 1.000000
vn 0.000000 0.000000 1.000000
vn 0.000000 0.707107 -0.707107
vn 0.000000 0.707107 -0.707107
vn -0.000000 0.707107 0.707107
vn -0.000000 0.707107 0.707107
vn 0.000000 1.000000 -0.000000
vn 0.000000 1.000000 0.000000
vn 0.000000 1.000000 0.000000
vn 0.000000 1.000000 0.000000
vn 0.000000 1.000000 0.000000
vn 0.000000 1.000000 -0.000000
vn 0.000000 1.000000 -0.000000
vn 0.000000 1.000000 0.000000
vn 0.000000 1.000000 0.000000
vn 0.000000 1.000000 -0.000000
vn 0.000000 1.000000 0.000000
vn 0.000000 1.000000 0.000000
vn -1.000000 0.000000 0.000000
vn -1.000000 0.000000 0.000000
vn 0.000000 0.000000 1.000000
vn -0.000000 0.000000 1.000000
vn 1.000000 -0.000000 0.000000
vn 1.000000 0.000000 0.000000
vn 0.000000 0.000000 -1.000000
vn -0.000000 0.000000 -1.000000
g Body
f 1//1 2//1 3//1
f 4//2 3//2 2//2
f 5//3 1//3 3//3
f 6//4 3//4 4//4
f 7//5 5//5 3//5
f 8//6 3//6 6//6
f 9//7 7//7 3//7
f 10//8 3//8 8//8
f 11//9 9//9 3//9
f 12//10 3//10 10//10
f 13//11 11//11 3//11
f 14//12 3//12 12//12
f 15//13 13//13 3//13
f 16//14 3//14 14//14
f 17//15 15//15 3//15
f 18//16 3//16 16//16
f 19//17 17//17 3//17
f 20//18 3//18 18//18
f 21//19 19//19 3//19
f 22//20 3//20 20//20
f 23//21 21//21 3//21
f 24//22 3//22 22//22
f 25//23 23//23 3//23
f 25//24 3//24 26//24
f 27//25 3//25 24//25
f 28//26 25//26 26//26
f 29//27 3//27 27//27
f 29//28 586//28 3//28
f 30//29 28//29 26//29
f 31//30 586//30 29//30
f 32//31 30//31 26//31
f 33//32 586//32 31//32
f 34//33 32//33 26//33
f 35//34 586//34 33//34
f 36//35 586//35 35//35
f 37//36 586//36 36//36
f 38//37 586//37 37//37
f 39//38 586//38 38//38
f 40//39 586//39 39//39
f 41//40 586//40 40//40
f 42//41 586//41 41//41
f 43//42 586//42 42//42
f 44//43 586//43 43//43
f 45//44 586//44 44//44
f 46//45 47//45 48//45
f 46//46 49//46 47//46
f 46//47 50//47 49//47
f 46//48 51//48 50//48
f 46//49 52//49 51//49
f 46//50 53//50 52//50
f 46//51 54//51 53//51
f 46//52 55//52 54//52
f 46//53 34//53 26//53
f 46//54 56//54 34//54
f 46//55 57//55 56//55
f 46//56 58//56 57//56
f 46//57 48//57 58//57
f 59//58 55//58 46//58
f 60//59 59//59 46//59
f 61//60 60//60 46//60
f 62//61 61//61 46//61
f 63//62 62//62 46//62
f 64//63 63//63 46//63
f 65//64 64//64 46//64
f 66//65 65//65 46//65
f 67//66 66//66 46//66
f 68//67 67//67 46//67
f 69//68 68//68 46//68
f 70//69 69//69 46//69
f 71//70 70//70 46//70
f 72//71 71//71 46//71
f 73//72 72//72 46//72
f 74//73 73//73 46//73
f 75//74 74//74 46//74
f 76//75 75//75 46//75
f 77//76 76//76 46//76
f 78//77 77//77 46//77
f 79//78 78//78 46//78
f 80//79 79//79 46//79
f 81//80 80//80 46//80
f 82//81 81//81 46//81
f 83//82 82//82 46//82
f 84//83 83//83 46//83
f 85//84 84//84 46//84
f 86//85 85//85 46//85
f 87//86 88//86 89//86
f 87//87 90//87 91//87
f 87//88 89//88 90//88
f 92//89 89//89 88//89
f 92//90 93//90 89//90
f 94//91 87//91 91//91
f 95//92 93//92 92//92
f 95//93 96//93 93//93
f 95//94 97//94 96//94
f 98//95 99//95 100//95
f 98//96 91//96 99//96
f 98//97 94//97 91//97
f 101//98 97//98 95//98
f 102//99 98//99 100//99
f 103//100 97//100 101//100
f 103//101 104//101 97//101
f 105//102 102//102 100//102
f 105//103 100//103 106//103
f 107//104 104//104 103//104
f 107//105 45//105 104//105
f 108//106 105//106 106//106
f 108//107 109//107 110//107
f 108//108 106//108 109//108
f 111//109 108//109 110//109
f 112//110 110//110 113//110
f 112//111 111//111 110//111
f 114//112 112//112 113//112
f 114//113 115//113 116//113
f 114//114 113//114 115//114
f 117//115 114//115 116//115
f 118//116 119//116 120//116
f 118//117 116//117 119//117
f 118//118 117//118 116//118
f 121//119 118//119 120//119
f 122//120 120//120 123//120
f 122//121 121//121 120//121
f 124//122 125//122 126//122
f 124//123 123//123 125//123
f 124//124 122//124 123//124
f 127//125 124//125 126//125
f 128//126 126//126 129//126
f 128//127 127//127 126//127
f 130//128 129//128 131//128
f 130//129 128//129 129//129
f 132//130 133//130 134//130
f 132//131 131//131 133//131
f 132//132 130//132 131//132
f 135//133 45//133 107//133
f 135//134 136//134 137//134
f 135//135 138//135 136//135
f 135//136 139//136 138//136
f 135//137 140//137 139//137
f 135//138 141//138 140//138
f 135//139 142//139 141//139
f 135//140 143//140 142//140
f 135//141 144//141 143//141
f 135//142 145//142 144//142
f 135//143 146//143 145//143
f 135//144 147//144 146//144
f 135//145 148//145 147//145
f 135//146 107//146 148//146
f 135//147 586//147 45//147
f 149//148 132//148 134//148
f 149//149 134//149 150//149
f 151//150 149//150 150//150
f 151//151 150//151 152//151
f 153//152 152//152 154//152
f 153//153 151//153 152//153
f 155//154 153//154 154//154
f 156//155 155//155 154//155
f 156//156 157//156 158//156
f 156//157 154//157 157//157
f 159//158 156//158 158//158
f 160//159 159//159 158//159
f 160//160 161//160 162//160
f 160//161 158//161 161//161
f 163//162 160//162 162//162
f 164//163 165//163 166//163
f 164//164 162//164 165//164
f 164//165 163//165 162//165
f 167//166 164//166 166//166
f 168//167 166//167 169//167
f 168//168 167//168 166//168
f 170//169 168//169 169//169
f 170//170 169//170 171//170
f 172//171 173//171 174//171
f 172//172 175//172 173//172
f 172//173 176//173 175//173
f 172//174 177//174 176//174
f 172//175 178//175 177//175
f 172//176 179//176 178//176
f 172//177 180//177 179//177
f 172//178 181//178 180//178
f 172//179 182//179 181//179
f 172//180 183//180 182//180
f 172//181 137//181 183//181
f 172//182 135//182 137//182
f 184//183 172//183 174//183
f 185//184 170//184 171//184
f 185//185 171//185 186//185
f 187//186 172//186 184//186
f 188//187 185//187 186//187
f 188//188 189//188 190//188
f 188//189 186//189 189//189
f 191//190 172//190 187//190
f 192//191 190//191 193//191
f 192//192 188//192 190//192
f 194//193 172//193 191//193
f 195//194 192//194 193//194
f 196//195 172//195 194//195
f 197//196 198//196 199//196
f 197//197 193//197 198//197
f 197//198 195//198 193//198
f 200//199 172//199 196//199
f 201//200 197//200 199//200
f 202//201 172//201 200//201
f 203//202 201//202 199//202
f 203//203 204//203 205//203
f 203//204 199//204 204//204
f 206//205 172//205 202//205
f 207//206 203//206 205//206
f 208//207 172//207 206//207
f 209//208 205//208 86//208
f 209//209 207//209 205//209
f 209//210 86//210 46//210
f 210//211 172//211 208//211
f 211//212 172//212 210//212
f 212//213 172//213 211//213
f 213//214 172//214 212//214
f 214//215 579//215 172//215
f 214//216 172//216 213//216
f 215//217 579//217 214//217
f 216//218 579//218 215//218
f 217//219 579//219 216//219
f 218//220 579//220 217//220
f 219//221 220//221 221//221
f 219//222 222//222 220//222
f 219//223 223//223 222//223
f 219//224 224//224 223//224
f 219//225 225//225 224//225
f 219//226 226//226 225//226
f 219//227 227//227 226//227
f 219//228 228//228 227//228
f 219//229 229//229 228//229
f 219//230 230//230 229//230
f 219//231 231//231 230//231
f 219//232 232//232 231//232
f 219//233 233//233 232//233
f 219//234 234//234 233//234
f 219//235 579//235 218//235
f 219//236 235//236 234//236
f 219//237 236//237 235//237
f 219//238 237//238 236//238
f 219//239 238//239 237//239
f 219//240 239//240 238//240
f 219//241 240//241 239//241
f 219//242 241//242 240//242
f 219//243 242//243 241//243
f 219//244 243//244 242//244
f 219//245 244//245 243//245
f 219//246 245//246 244//246
f 219//247 246//247 245//247
f 219//248 247//248 246//248
f 219//249 248//249 247//249
f 219//250 249//250 248//250
f 219//251 250//251 249//251
f 219//252 251//252 250//252
f 219//253 252//253 251//253
f 219//254 253//254 252//254
f 219//255 218//255 253//255
f 219//256 209//256 46//256
f 219//257 254//257 209//257
f 219//258 255//258 254//258
f 219//259 256//259 255//259
f 219//260 257//260 256//260
f 219//261 258//261 257//261
f 219//262 221//262 258//262
f 259//263 260//263 261//263
f 262//264 263//264 264//264
f 262//265 265//265 263//265
f 262//266 266//266 265//266
f 262//267 267//267 266//267
f 262//268 264//268 268//268
f 269//269 196//269 194//269
f 269//270 194//270 191//270
f 270//271 218//271 217//271
f 269//272 271//272 196//272
f 272//273 273//273 274//273
f 272//274 259//274 273//274
f 275//275 267//275 262//275
f 275//276 262//276 268//276
f 275//277 276//277 267//277
f 275//278 277//278 276//278
f 275//279 268//279 260//279
f 278//280 191//280 187//280
f 278//281 187//281 184//281
f 278//282 269//282 191//282
f 279//283 272//283 274//283
f 279//284 274//284 271//284
f 280//285 260//285 259//285
f 280//286 281//286 277//286
f 280//287 282//287 281//287
f 280//288 275//288 260//288
f 280//289 277//289 275//289
f 283//290 184//290 174//290
f 283//291 174//291 173//291
f 284//292 285//292 286//292
f 283//293 278//293 184//293
f 287//294 279//294 271//294
f 287//295 271//295 269//295
f 288//296 259//296 272//296
f 288//297 289//297 282//297
f 288//298 290//298 289//298
f 288//299 272//299 279//299
f 288//300 282//300 280//300
f 288//301 280//301 259//301
f 291//302 173//302 175//302
f 291//303 175//303 176//303
f 291//304 283//304 173//304
f 292//305 269//305 278//305
f 292//306 287//306 269//306
f 293//307 290//307 288//307
f 293//308 288//308 279//308
f 293//309 294//309 290//309
f 293//310 295//310 294//310
f 296//311 176//311 177//311
f 296//312 177//312 178//312
f 296//313 291//313 176//313
f 297//314 278//314 283//314
f 297//315 292//315 278//315
f 298//316 279//316 287//316
f 298//317 299//317 295//317
f 298//318 300//318 299//318
f 298//319 293//319 279//319
f 298//320 295//320 293//320
f 301//321 178//321 179//321
f 301//322 179//322 180//322
f 301//323 296//323 178//323
f 302//324 297//324 283//324
f 302//325 283//325 291//325
f 303//326 298//326 287//326
f 303//327 300//327 298//327
f 303//328 304//328 300//328
f 303//329 305//329 304//329
f 303//330 287//330 292//330
f 306//331 301//331 180//331
f 306//332 180//332 181//332
f 306//333 181//333 182//333
f 307//334 291//334 296//334
f 307//335 302//335 291//335
f 308//336 292//336 297//336
f 308//337 309//337 305//337
f 308//338 310//338 309//338
f 308//339 305//339 303//339
f 308//340 303//340 292//340
f 311//341 182//341 183//341
f 311//342 183//342 137//342
f 311//343 306//343 182//343
f 312//344 307//344 296//344
f 312//345 296//345 301//345
f 313//346 308//346 297//346
f 313//347 310//347 308//347
f 313//348 314//348 310//348
f 313//349 315//349 314//349
f 313//350 297//350 302//350
f 316//351 137//351 136//351
f 316//352 136//352 138//352
f 316//353 311//353 137//353
f 317//354 312//354 301//354
f 317//355 301//355 306//355
f 318//356 319//356 315//356
f 318//357 320//357 319//357
f 318//358 302//358 307//358
f 318//359 315//359 313//359
f 318//360 313//360 302//360
f 321//361 316//361 138//361
f 321//362 138//362 139//362
f 321//363 139//363 140//363
f 322//364 317//364 306//364
f 322//365 306//365 311//365
f 323//366 307//366 312//366
f 323//367 324//367 320//367
f 323//368 325//368 324//368
f 323//369 312//369 317//369
f 323//370 318//370 307//370
f 323//371 320//371 318//371
f 326//372 140//372 141//372
f 326//373 321//373 140//373
f 326//374 141//374 142//374
f 327//375 322//375 311//375
f 327//376 311//376 316//376
f 328//377 323//377 317//377
f 328//378 329//378 325//378
f 328//379 330//379 329//379
f 328//380 325//380 323//380
f 331//381 326//381 142//381
f 331//382 142//382 143//382
f 331//383 143//383 144//383
f 332//384 327//384 316//384
f 332//385 316//385 321//385
f 333//386 328//386 317//386
f 333//387 317//387 322//387
f 333//388 334//388 330//388
f 333//389 335//389 334//389
f 333//390 330//390 328//390
f 336//391 144//391 145//391
f 336//392 145//392 146//392
f 336//393 331//393 144//393
f 337//394 321//394 326//394
f 337//395 332//395 321//395
f 338//396 335//396 333//396
f 338//397 333//397 322//397
f 338//398 339//398 335//398
f 338//399 340//399 339//399
f 338//400 322//400 327//400
f 338//401 327//401 332//401
f 341//402 146//402 147//402
f 341//403 147//403 148//403
f 341//404 336//404 146//404
f 342//405 331//405 336//405
f 342//406 337//406 326//406
f 342//407 326//407 331//407
f 343//408 340//408 338//408
f 343//409 338//409 332//409
f 343//410 344//410 340//410
f 343//411 345//411 344//411
f 346//412 341//412 148//412
f 346//413 148//413 107//413
f 346//414 107//414 103//414
f 347//415 342//415 336//415
f 348//416 332//416 337//416
f 348//417 345//417 343//417
f 348//418 349//418 345//418
f 348//419 350//419 349//419
f 348//420 343//420 332//420
f 351//421 346//421 103//421
f 351//422 103//422 101//422
f 351//423 101//423 95//423
f 352//424 336//424 341//424
f 352//425 347//425 336//425
f 353//426 350//426 348//426
f 353//427 337//427 342//427
f 353//428 354//428 350//428
f 353//429 355//429 354//429
f 353//430 348//430 337//430
f 356//431 95//431 92//431
f 356//432 92//432 88//432
f 356//433 351//433 95//433
f 357//434 346//434 351//434
f 357//435 352//435 341//435
f 357//436 341//436 346//436
f 358//437 342//437 347//437
f 358//438 347//438 352//438
f 358//439 359//439 355//439
f 358//440 360//440 359//440
f 358//441 355//441 353//441
f 358//442 353//442 342//442
f 361//443 356//443 88//443
f 361//444 88//444 87//444
f 361//445 87//445 94//445
f 362//446 357//446 351//446
f 363//447 360//447 358//447
f 363//448 364//448 360//448
f 363//449 365//449 364//449
f 363//450 358//450 352//450
f 366//451 361//451 94//451
f 366//452 94//452 98//452
f 366//453 98//453 102//453
f 367//454 351//454 356//454
f 367//455 362//455 351//455
f 368//456 352//456 357//456
f 368//457 363//457 352//457
f 368//458 369//458 365//458
f 368//459 370//459 369//459
f 368//460 365//460 363//460
f 371//461 102//461 105//461
f 371//462 105//462 108//462
f 371//463 366//463 102//463
f 372//464 356//464 361//464
f 372//465 367//465 356//465
f 373//466 368//466 357//466
f 373//467 362//467 367//467
f 373//468 370//468 368//468
f 373//469 374//469 370//469
f 373//470 375//470 374//470
f 373//471 357//471 362//471
f 376//472 108//472 111//472
f 376//473 111//473 112//473
f 376//474 371//474 108//474
f 377//475 372//475 361//475
f 377//476 366//476 371//476
f 377//477 361//477 366//477
f 378//478 373//478 367//478
f 378//479 375//479 373//479
f 378//480 379//480 375//480
f 378//481 380//481 379//481
f 381//482 376//482 112//482
f 381//483 112//483 114//483
f 381//484 114//484 117//484
f 382//485 377//485 371//485
f 383//486 378//486 367//486
f 383//487 367//487 372//487
f 383//488 384//488 380//488
f 383//489 385//489 384//489
f 383//490 380//490 378//490
f 386//491 381//491 117//491
f 386//492 117//492 118//492
f 386//493 118//493 121//493
f 387//494 382//494 371//494
f 387//495 371//495 376//495
f 388//496 372//496 377//496
f 388//497 383//497 372//497
f 388//498 385//498 383//498
f 388//499 389//499 385//499
f 388//500 390//500 389//500
f 391//501 121//501 122//501
f 391//502 122//502 124//502
f 391//503 386//503 121//503
f 392//504 387//504 376//504
f 392//505 376//505 381//505
f 393//506 388//506 377//506
f 393//507 390//507 388//507
f 393//508 377//508 382//508
f 393//509 394//509 390//509
f 393//510 395//510 394//510
f 396//511 391//511 124//511
f 396//512 124//512 127//512
f 396//513 127//513 128//513
f 397//514 386//514 391//514
f 397//515 392//515 381//515
f 397//516 381//516 386//516
f 398//517 382//517 387//517
f 398//518 387//518 392//518
f 398//519 393//519 382//519
f 398//520 395//520 393//520
f 398//521 399//521 395//521
f 398//522 400//522 399//522
f 401//523 396//523 128//523
f 401//524 128//524 130//524
f 401//525 130//525 132//525
f 402//526 397//526 391//526
f 403//527 400//527 398//527
f 403//528 398//528 392//528
f 403//529 404//529 400//529
f 403//530 405//530 404//530
f 406//531 401//531 132//531
f 406//532 132//532 149//532
f 406//533 149//533 151//533
f 407//534 402//534 391//534
f 407//535 391//535 396//535
f 408//536 392//536 397//536
f 408//537 403//537 392//537
f 408//538 405//538 403//538
f 408//539 397//539 402//539
f 408//540 409//540 405//540
f 408//541 410//541 409//541
f 411//542 406//542 151//542
f 411//543 151//543 153//543
f 411//544 153//544 155//544
f 412//545 407//545 396//545
f 412//546 396//546 401//546
f 413//547 410//547 408//547
f 413//548 408//548 402//548
f 413//549 414//549 410//549
f 413//550 415//550 414//550
f 416//551 411//551 155//551
f 416//552 155//552 156//552
f 416//553 156//553 159//553
f 417//554 401//554 406//554
f 417//555 412//555 401//555
f 418//556 402//556 407//556
f 418//557 415//557 413//557
f 418//558 413//558 402//558
f 418//559 419//559 415//559
f 418//560 420//560 419//560
f 421//561 159//561 160//561
f 421//562 416//562 159//562
f 421//563 160//563 163//563
f 422//564 406//564 411//564
f 422//565 417//565 406//565
f 423//566 412//566 417//566
f 423//567 418//567 407//567
f 423//568 407//568 412//568
f 423//569 420//569 418//569
f 423//570 424//570 420//570
f 423//571 425//571 424//571
f 426//572 163//572 164//572
f 426//573 164//573 167//573
f 426//574 421//574 163//574
f 427//575 411//575 416//575
f 427//576 422//576 411//576
f 428//577 425//577 423//577
f 428//578 423//578 417//578
f 428//579 429//579 425//579
f 428//580 430//580 429//580
f 431//581 167//581 168//581
f 431//582 168//582 170//582
f 431//583 426//583 167//583
f 432//584 416//584 421//584
f 432//585 427//585 416//585
f 433//586 434//586 430//586
f 433//587 435//587 434//587
f 433//588 430//588 428//588
f 433//589 417//589 422//589
f 433//590 428//590 417//590
f 436//591 170//591 185//591
f 436//592 185//592 188//592
f 436//593 431//593 170//593
f 437//594 421//594 426//594
f 437//595 432//595 421//595
f 438//596 439//596 435//596
f 438//597 440//597 439//597
f 438//598 422//598 427//598
f 438//599 433//599 422//599
f 438//600 435//600 433//600
f 441//601 188//601 192//601
f 441//602 192//602 195//602
f 441//603 436//603 188//603
f 442//604 426//604 431//604
f 442//605 437//605 426//605
f 443//606 444//606 440//606
f 443//607 445//607 444//607
f 443//608 438//608 427//608
f 443//609 440//609 438//609
f 443//610 427//610 432//610
f 446//611 441//611 195//611
f 446//612 195//612 197//612
f 446//613 197//613 201//613
f 447//614 431//614 436//614
f 447//615 442//615 431//615
f 448//616 449//616 445//616
f 448//617 450//617 449//617
f 448//618 432//618 437//618
f 448//619 443//619 432//619
f 448//620 445//620 443//620
f 451//621 201//621 203//621
f 451//622 203//622 207//622
f 451//623 446//623 201//623
f 452//624 447//624 436//624
f 452//625 436//625 441//625
f 453//626 454//626 450//626
f 453//627 455//627 454//627
f 453//628 437//628 442//628
f 453//629 450//629 448//629
f 453//630 448//630 437//630
f 456//631 451//631 207//631
f 456//632 207//632 209//632
f 456//633 209//633 254//633
f 457//634 452//634 441//634
f 457//635 441//635 446//635
f 458//636 459//636 455//636
f 458//637 460//637 459//637
f 458//638 455//638 453//638
f 458//639 453//639 442//639
f 458//640 442//640 447//640
f 461//641 456//641 254//641
f 461//642 254//642 255//642
f 461//643 255//643 256//643
f 462//644 446//644 451//644
f 462//645 457//645 446//645
f 462//646 451//646 456//646
f 463//647 464//647 460//647
f 463//648 465//648 464//648
f 463//649 447//649 452//649
f 463//650 452//650 457//650
f 463//651 458//651 447//651
f 463//652 460//652 458//652
f 466//653 461//653 256//653
f 466//654 256//654 257//654
f 466//655 257//655 258//655
f 467//656 456//656 461//656
f 467//657 462//657 456//657
f 468//658 469//658 465//658
f 468//659 470//659 469//659
f 468//660 465//660 463//660
f 468//661 463//661 457//661
f 471//662 466//662 258//662
f 471//663 258//663 221//663
f 471//664 221//664 220//664
f 472//665 461//665 466//665
f 472//666 467//666 461//666
f 473//667 474//667 470//667
f 473//668 475//668 474//668
f 473//669 470//669 468//669
f 473//670 457//670 462//670
f 473//671 468//671 457//671
f 476//672 471//672 220//672
f 476//673 220//673 222//673
f 476//674 222//674 223//674
f 477//675 472//675 466//675
f 478//676 473//676 462//676
f 478//677 479//677 475//677
f 478//678 480//678 479//678
f 478//679 462//679 467//679
f 478//680 475//680 473//680
f 481//681 224//681 225//681
f 481//682 476//682 223//682
f 481//683 223//683 224//683
f 482//684 477//684 466//684
f 482//685 466//685 471//685
f 483//686 467//686 472//686
f 483//687 484//687 480//687
f 483//688 485//688 484//688
f 483//689 480//689 478//689
f 483//690 478//690 467//690
f 486//691 225//691 226//691
f 486//692 226//692 227//692
f 486//693 481//693 225//693
f 487//694 482//694 471//694
f 487//695 471//695 476//695
f 487//696 476//696 481//696
f 488//697 477//697 482//697
f 488//698 483//698 472//698
f 488//699 472//699 477//699
f 488//700 489//700 485//700
f 488//701 490//701 489//701
f 488//702 485//702 483//702
f 491//703 227//703 228//703
f 491//704 228//704 229//704
f 491//705 486//705 227//705
f 492//706 487//706 481//706
f 492//707 481//707 486//707
f 493//708 488//708 482//708
f 493//709 490//709 488//709
f 493//710 494//710 490//710
f 493//711 495//711 494//711
f 496//712 229//712 230//712
f 496//713 230//713 231//713
f 496//714 491//714 229//714
f 497//715 492//715 486//715
f 498//716 482//716 487//716
f 498//717 493//717 482//717
f 498//718 499//718 495//718
f 498//719 500//719 499//719
f 498//720 495//720 493//720
f 501//721 231//721 232//721
f 501//722 232//722 233//722
f 501//723 496//723 231//723
f 502//724 491//724 496//724
f 502//725 497//725 486//725
f 502//726 486//726 491//726
f 503//727 504//727 500//727
f 503//728 505//728 504//728
f 503//729 498//729 487//729
f 503//730 492//730 497//730
f 503//731 487//731 492//731
f 503//732 500//732 498//732
f 506//733 233//733 234//733
f 506//734 234//734 235//734
f 506//735 501//735 233//735
f 507//736 502//736 496//736
f 508//737 509//737 505//737
f 508//738 510//738 509//738
f 508//739 505//739 503//739
f 508//740 503//740 497//740
f 511//741 235//741 236//741
f 511//742 236//742 237//742
f 511//743 506//743 235//743
f 512//744 496//744 501//744
f 512//745 507//745 496//745
f 513//746 514//746 510//746
f 513//747 515//747 514//747
f 513//748 502//748 507//748
f 513//749 510//749 508//749
f 513//750 497//750 502//750
f 513//751 508//751 497//751
f 516//752 237//752 238//752
f 516//753 238//753 239//753
f 516//754 511//754 237//754
f 517//755 512//755 501//755
f 517//756 501//756 506//756
f 518//757 515//757 513//757
f 518//758 519//758 515//758
f 518//759 520//759 519//759
f 518//760 513//760 507//760
f 521//761 239//761 240//761
f 521//762 240//762 241//762
f 521//763 516//763 239//763
f 522//764 506//764 511//764
f 522//765 511//765 516//765
f 522//766 517//766 506//766
f 523//767 518//767 507//767
f 523//768 524//768 520//768
f 523//769 507//769 512//769
f 523//770 525//770 524//770
f 523//771 520//771 518//771
f 526//772 521//772 241//772
f 526//773 241//773 242//773
f 526//774 242//774 243//774
f 527//775 516//775 521//775
f 527//776 522//776 516//776
f 528//777 529//777 525//777
f 528//778 530//778 529//778
f 528//779 512//779 517//779
f 528//780 525//780 523//780
f 528//781 523//781 512//781
f 531//782 243//782 244//782
f 531//783 244//783 245//783
f 531//784 526//784 243//784
f 532//785 527//785 521//785
f 532//786 521//786 526//786
f 533//787 528//787 517//787
f 533//788 534//788 530//788
f 533//789 535//789 534//789
f 533//790 517//790 522//790
f 533//791 530//791 528//791
f 536//792 245//792 246//792
f 536//793 246//793 247//793
f 536//794 531//794 245//794
f 537//795 532//795 526//795
f 538//796 533//796 522//796
f 538//797 535//797 533//797
f 538//798 539//798 535//798
f 538//799 540//799 539//799
f 538//800 522//800 527//800
f 541//801 536//801 247//801
f 541//802 247//802 248//802
f 541//803 248//803 249//803
f 542//804 526//804 531//804
f 542//805 537//805 526//805
f 543//806 527//806 532//806
f 543//807 538//807 527//807
f 543//808 544//808 540//808
f 543//809 545//809 544//809
f 543//810 540//810 538//810
f 546//811 541//811 249//811
f 546//812 249//812 250//812
f 546//813 250//813 251//813
f 547//814 531//814 536//814
f 547//815 542//815 531//815
f 548//816 532//816 537//816
f 548//817 545//817 543//817
f 548//818 549//818 545//818
f 548//819 550//819 549//819
f 548//820 543//820 532//820
f 551//821 546//821 251//821
f 551//822 251//822 252//822
f 551//823 252//823 253//823
f 551//824 253//824 270//824
f 552//825 536//825 541//825
f 552//826 547//826 536//826
f 553//827 550//827 548//827
f 553//828 548//828 537//828
f 553//829 542//829 547//829
f 553//830 537//830 542//830
f 553//831 554//831 550//831
f 553//832 555//832 554//832
f 556//833 552//833 541//833
f 556//834 546//834 551//834
f 556//835 541//835 546//835
f 557//836 553//836 547//836
f 557//837 558//837 555//837
f 557//838 559//838 558//838
f 557//839 555//839 553//839
f 560//840 556//840 551//840
f 560//841 270//841 561//841
f 560//842 561//842 286//842
f 560//843 551//843 270//843
f 562//844 547//844 552//844
f 562//845 557//845 547//845
f 562//846 563//846 559//846
f 562//847 564//847 563//847
f 562//848 559//848 557//848
f 565//849 552//849 556//849
f 565//850 556//850 560//850
f 565//851 562//851 552//851
f 565//852 566//852 564//852
f 565//853 567//853 566//853
f 565//854 564//854 562//854
f 568//855 569//855 567//855
f 568//856 560//856 286//856
f 568//857 570//857 569//857
f 568//858 565//858 560//858
f 568//859 567//859 565//859
f 568//860 286//860 570//860
f 270//861 253//861 218//861
f 285//862 570//862 286//862
f 571//863 217//863 216//863
f 571//864 216//864 215//864
f 571//865 270//865 217//865
f 572//866 215//866 214//866
f 572//867 214//867 213//867
f 572//868 571//868 215//868
f 261//869 213//869 212//869
f 261//870 212//870 211//870
f 261//871 572//871 213//871
f 264//872 561//872 270//872
f 264//873 270//873 571//873
f 273//874 211//874 210//874
f 273//875 210//875 208//875
f 273//876 261//876 211//876
f 268//877 571//877 572//877
f 268//878 264//878 571//878
f 274//879 208//879 206//879
f 274//880 206//880 202//880
f 274//881 273//881 208//881
f 260//882 268//882 572//882
f 260//883 572//883 261//883
f 263//884 284//884 286//884
f 263//885 286//885 561//885
f 263//886 561//886 264//886
f 263//887 573//887 284//887
f 263//888 265//888 573//888
f 271//889 274//889 202//889
f 271//890 202//890 200//890
f 271//891 200//891 196//891
f 259//892 261//892 273//892
f 46//893 574//893 575//893
f 576//894 577//894 219//894
f 575//895 576//895 219//895
f 575//896 219//896 46//896
f 578//897 579//897 219//897
f 26//898 580//898 46//898
f 26//899 581//899 580//899
f 3//900 581//900 26//900
f 582//901 578//901 580//901
f 582//902 580//902 581//902
f 579//903 582//903 172//903
f 579//904 578//904 582//904
f 172//905 582//905 583//905
f 172//906 583//906 135//906
f 584//907 3//907 586//907
f 581//908 3//908 584//908
f 585//909 586//909 587//909
f 584//910 586//910 585//910
f 583//911 1030//911 135//911
f 588//912 1030//912 583//912
f 1030//913 587//913 135//913
f 135//914 587//914 586//914
f 585//915 588//915 584//915
f 584//916 588//916 583//916
f 589//917 590//917 591//917
f 592//918 593//918 594//918
f 592//919 595//919 593//919
f 592//920 596//920 595//920
f 592//921 597//921 596//921
f 592//922 594//922 598//922
f 599//923 99//923 91//923
f 599//924 91//924 90//924
f 600//925 129//925 126//925
f 599//926 601//926 99//926
f 602//927 589//927 603//927
f 602//928 603//928 604//928
f 605//929 597//929 592//929
f 605//930 592//930 598//930
f 605//931 606//931 597//931
f 605//932 607//932 606//932
f 605//933 598//933 590//933
f 608//934 90//934 89//934
f 608//935 89//935 93//935
f 608//936 599//936 90//936
f 609//937 602//937 604//937
f 609//938 604//938 601//938
f 610//939 590//939 589//939
f 610//940 611//940 607//940
f 610//941 612//941 611//941
f 610//942 605//942 590//942
f 610//943 607//943 605//943
f 613//944 93//944 96//944
f 613//945 608//945 93//945
f 613//946 96//946 97//946
f 614//947 615//947 616//947
f 617//948 609//948 601//948
f 617//949 601//949 599//949
f 618//950 589//950 602//950
f 618//951 619//951 612//951
f 618//952 620//952 619//952
f 618//953 612//953 610//953
f 618//954 610//954 589//954
f 621//955 97//955 104//955
f 621//956 104//956 45//956
f 621//957 613//957 97//957
f 622//958 599//958 608//958
f 622//959 617//959 599//959
f 623//960 620//960 618//960
f 623//961 618//961 602//961
f 623//962 624//962 620//962
f 623//963 625//963 624//963
f 623//964 602//964 609//964
f 626//965 45//965 44//965
f 626//966 44//966 43//966
f 626//967 621//967 45//967
f 627//968 608//968 613//968
f 627//969 622//969 608//969
f 628//970 609//970 617//970
f 628//971 629//971 625//971
f 628//972 630//972 629//972
f 628//973 623//973 609//973
f 628//974 625//974 623//974
f 631//975 43//975 42//975
f 631//976 42//976 41//976
f 631//977 626//977 43//977
f 632//978 613//978 621//978
f 632//979 621//979 626//979
f 632//980 627//980 613//980
f 633//981 628//981 617//981
f 633//982 622//982 627//982
f 633//983 630//983 628//983
f 633//984 634//984 630//984
f 633//985 635//985 634//985
f 633//986 617//986 622//986
f 636//987 631//987 41//987
f 636//988 41//988 40//988
f 636//989 40//989 39//989
f 637//990 632//990 626//990
f 638//991 633//991 627//991
f 638//992 639//992 635//992
f 638//993 640//993 639//993
f 638//994 627//994 632//994
f 638//995 635//995 633//995
f 641//996 39//996 38//996
f 641//997 38//997 37//997
f 641//998 636//998 39//998
f 642//999 637//999 626//999
f 642//1000 631//1000 636//1000
f 642//1001 626//1001 631//1001
f 643//1002 640//1002 638//1002
f 643//1003 644//1003 640//1003
f 643//1004 645//1004 644//1004
f 643//1005 638//1005 632//1005
f 646//1006 37//1006 36//1006
f 646//1007 36//1007 35//1007
f 646//1008 641//1008 37//1008
f 647//1009 642//1009 636//1009
f 647//1010 636//1010 641//1010
f 648//1011 649//1011 645//1011
f 648//1012 650//1012 649//1012
f 648//1013 645//1013 643//1013
f 648//1014 632//1014 637//1014
f 648//1015 643//1015 632//1015
f 651//1016 35//1016 33//1016
f 651//1017 33//1017 31//1017
f 651//1018 646//1018 35//1018
f 652//1019 641//1019 646//1019
f 652//1020 647//1020 641//1020
f 653//1021 642//1021 647//1021
f 653//1022 650//1022 648//1022
f 653//1023 654//1023 650//1023
f 653//1024 655//1024 654//1024
f 653//1025 648//1025 637//1025
f 653//1026 637//1026 642//1026
f 656//1027 31//1027 29//1027
f 656//1028 29//1028 27//1028
f 656//1029 651//1029 31//1029
f 657//1030 652//1030 646//1030
f 658//1031 653//1031 647//1031
f 658//1032 659//1032 655//1032
f 658//1033 660//1033 659//1033
f 658//1034 655//1034 653//1034
f 661//1035 27//1035 24//1035
f 661//1036 24//1036 22//1036
f 661//1037 656//1037 27//1037
f 662//1038 646//1038 651//1038
f 662//1039 651//1039 656//1039
f 662//1040 657//1040 646//1040
f 663//1041 658//1041 647//1041
f 663//1042 660//1042 658//1042
f 663//1043 664//1043 660//1043
f 663//1044 665//1044 664//1044
f 663//1045 652//1045 657//1045
f 663//1046 647//1046 652//1046
f 666//1047 661//1047 22//1047
f 666//1048 22//1048 20//1048
f 666//1049 20//1049 18//1049
f 667//1050 662//1050 656//1050
f 668//1051 663//1051 657//1051
f 668//1052 665//1052 663//1052
f 668//1053 669//1053 665//1053
f 668//1054 670//1054 669//1054
f 671//1055 666//1055 18//1055
f 671//1056 18//1056 16//1056
f 671//1057 16//1057 14//1057
f 672//1058 667//1058 656//1058
f 672//1059 661//1059 666//1059
f 672//1060 656//1060 661//1060
f 673//1061 657//1061 662//1061
f 673//1062 668//1062 657//1062
f 673//1063 674//1063 670//1063
f 673//1064 675//1064 674//1064
f 673//1065 670//1065 668//1065
f 676//1066 14//1066 12//1066
f 676//1067 12//1067 10//1067
f 676//1068 671//1068 14//1068
f 677//1069 672//1069 666//1069
f 678//1070 662//1070 667//1070
f 678//1071 673//1071 662//1071
f 678//1072 675//1072 673//1072
f 678//1073 679//1073 675//1073
f 678//1074 680//1074 679//1074
f 681//1075 676//1075 10//1075
f 681//1076 10//1076 8//1076
f 681//1077 8//1077 6//1077
f 682//1078 666//1078 671//1078
f 682//1079 677//1079 666//1079
f 683//1080 678//1080 667//1080
f 683//1081 672//1081 677//1081
f 683//1082 680//1082 678//1082
f 683//1083 667//1083 672//1083
f 683//1084 684//1084 680//1084
f 683//1085 685//1085 684//1085
f 686//1086 6//1086 4//1086
f 686//1087 4//1087 2//1087
f 686//1088 681//1088 6//1088
f 687//1089 682//1089 671//1089
f 687//1090 671//1090 676//1090
f 688//1091 685//1091 683//1091
f 688//1092 689//1092 685//1092
f 688//1093 690//1093 689//1093
f 688//1094 683//1094 677//1094
f 691//1095 2//1095 1//1095
f 691//1096 1//1096 5//1096
f 691//1097 686//1097 2//1097
f 692//1098 687//1098 676//1098
f 692//1099 676//1099 681//1099
f 692//1100 681//1100 686//1100
f 693//1101 682//1101 687//1101
f 693//1102 688//1102 677//1102
f 693//1103 677//1103 682//1103
f 693//1104 694//1104 690//1104
f 693//1105 695//1105 694//1105
f 693//1106 690//1106 688//1106
f 696//1107 5//1107 7//1107
f 696//1108 7//1108 9//1108
f 696//1109 691//1109 5//1109
f 697//1110 692//1110 686//1110
f 698//1111 693//1111 687//1111
f 698//1112 699//1112 695//1112
f 698//1113 700//1113 699//1113
f 698//1114 695//1114 693//1114
f 701//1115 9//1115 11//1115
f 701//1116 11//1116 13//1116
f 701//1117 696//1117 9//1117
f 702//1118 686//1118 691//1118
f 702//1119 697//1119 686//1119
f 702//1120 691//1120 696//1120
f 703//1121 692//1121 697//1121
f 703//1122 700//1122 698//1122
f 703//1123 698//1123 687//1123
f 703//1124 704//1124 700//1124
f 703//1125 705//1125 704//1125
f 703//1126 687//1126 692//1126
f 706//1127 701//1127 13//1127
f 706//1128 13//1128 15//1128
f 706//1129 15//1129 17//1129
f 707//1130 702//1130 696//1130
f 708//1131 705//1131 703//1131
f 708//1132 703//1132 697//1132
f 708//1133 709//1133 705//1133
f 708//1134 710//1134 709//1134
f 711//1135 706//1135 17//1135
f 711//1136 17//1136 19//1136
f 711//1137 19//1137 21//1137
f 712//1138 707//1138 696//1138
f 712//1139 696//1139 701//1139
f 713//1140 710//1140 708//1140
f 713//1141 697//1141 702//1141
f 713//1142 708//1142 697//1142
f 713//1143 714//1143 710//1143
f 713//1144 715//1144 714//1144
f 716//1145 711//1145 21//1145
f 716//1146 21//1146 23//1146
f 716//1147 23//1147 25//1147
f 717//1148 701//1148 706//1148
f 717//1149 706//1149 711//1149
f 717//1150 712//1150 701//1150
f 718//1151 702//1151 707//1151
f 718//1152 715//1152 713//1152
f 718//1153 719//1153 715//1153
f 718//1154 720//1154 719//1154
f 718//1155 713//1155 702//1155
f 721//1156 716//1156 25//1156
f 721//1157 25//1157 28//1157
f 721//1158 28//1158 30//1158
f 722//1159 717//1159 711//1159
f 723//1160 707//1160 712//1160
f 723//1161 718//1161 707//1161
f 723//1162 720//1162 718//1162
f 723//1163 712//1163 717//1163
f 723//1164 724//1164 720//1164
f 723//1165 725//1165 724//1165
f 726//1166 30//1166 32//1166
f 726//1167 32//1167 34//1167
f 726//1168 721//1168 30//1168
f 727//1169 711//1169 716//1169
f 727//1170 722//1170 711//1170
f 727//1171 716//1171 721//1171
f 728//1172 723//1172 717//1172
f 728//1173 725//1173 723//1173
f 728//1174 729//1174 725//1174
f 728//1175 730//1175 729//1175
f 731//1176 726//1176 34//1176
f 731//1177 34//1177 56//1177
f 731//1178 56//1178 57//1178
f 732//1179 727//1179 721//1179
f 733//1180 717//1180 722//1180
f 733//1181 730//1181 728//1181
f 733//1182 728//1182 717//1182
f 733//1183 734//1183 730//1183
f 733//1184 735//1184 734//1184
f 736//1185 731//1185 57//1185
f 736//1186 57//1186 58//1186
f 736//1187 58//1187 48//1187
f 737//1188 721//1188 726//1188
f 737//1189 732//1189 721//1189
f 738//1190 733//1190 722//1190
f 738//1191 735//1191 733//1191
f 738//1192 722//1192 727//1192
f 738//1193 727//1193 732//1193
f 738//1194 739//1194 735//1194
f 738//1195 740//1195 739//1195
f 741//1196 736//1196 48//1196
f 741//1197 48//1197 47//1197
f 741//1198 47//1198 49//1198
f 742//1199 731//1199 736//1199
f 742//1200 726//1200 731//1200
f 742//1201 737//1201 726//1201
f 743//1202 740//1202 738//1202
f 743//1203 738//1203 732//1203
f 743//1204 744//1204 740//1204
f 743//1205 745//1205 744//1205
f 746//1206 49//1206 50//1206
f 746//1207 50//1207 51//1207
f 746//1208 741//1208 49//1208
f 747//1209 742//1209 736//1209
f 747//1210 736//1210 741//1210
f 748//1211 732//1211 737//1211
f 748//1212 737//1212 742//1212
f 748//1213 745//1213 743//1213
f 748//1214 743//1214 732//1214
f 748//1215 749//1215 745//1215
f 748//1216 750//1216 749//1216
f 751//1217 746//1217 51//1217
f 751//1218 51//1218 52//1218
f 751//1219 52//1219 53//1219
f 752//1220 747//1220 741//1220
f 753//1221 742//1221 747//1221
f 753//1222 750//1222 748//1222
f 753//1223 748//1223 742//1223
f 753//1224 754//1224 750//1224
f 753//1225 755//1225 754//1225
f 756//1226 751//1226 53//1226
f 756//1227 53//1227 54//1227
f 756//1228 54//1228 55//1228
f 757//1229 752//1229 741//1229
f 757//1230 741//1230 746//1230
f 758//1231 753//1231 747//1231
f 758//1232 755//1232 753//1232
f 758//1233 759//1233 755//1233
f 758//1234 760//1234 759//1234
f 761//1235 756//1235 55//1235
f 761//1236 55//1236 59//1236
f 761//1237 59//1237 60//1237
f 762//1238 746//1238 751//1238
f 762//1239 751//1239 756//1239
f 762//1240 757//1240 746//1240
f 763//1241 764//1241 760//1241
f 763//1242 765//1242 764//1242
f 763//1243 760//1243 758//1243
f 763//1244 747//1244 752//1244
f 763//1245 758//1245 747//1245
f 766//1246 761//1246 60//1246
f 766//1247 60//1247 61//1247
f 766//1248 61//1248 62//1248
f 767//1249 762//1249 756//1249
f 768//1250 769//1250 765//1250
f 768//1251 770//1251 769//1251
f 768//1252 765//1252 763//1252
f 768//1253 752//1253 757//1253
f 768//1254 763//1254 752//1254
f 771//1255 766//1255 62//1255
f 771//1256 62//1256 63//1256
f 771//1257 63//1257 64//1257
f 772//1258 767//1258 756//1258
f 772//1259 756//1259 761//1259
f 773//1260 774//1260 770//1260
f 773//1261 775//1261 774//1261
f 773//1262 770//1262 768//1262
f 773//1263 757//1263 762//1263
f 773//1264 768//1264 757//1264
f 776//1265 771//1265 64//1265
f 776//1266 64//1266 65//1266
f 776//1267 65//1267 66//1267
f 777//1268 772//1268 761//1268
f 777//1269 761//1269 766//1269
f 777//1270 766//1270 771//1270
f 778//1271 779//1271 775//1271
f 778//1272 775//1272 773//1272
f 778//1273 780//1273 779//1273
f 778//1274 773//1274 762//1274
f 778//1275 762//1275 767//1275
f 781//1276 776//1276 66//1276
f 781//1277 66//1277 67//1277
f 781//1278 67//1278 68//1278
f 782//1279 777//1279 771//1279
f 783//1280 780//1280 778//1280
f 783//1281 784//1281 780//1281
f 783//1282 785//1282 784//1282
f 783//1283 767//1283 772//1283
f 783//1284 778//1284 767//1284
f 786//1285 781//1285 68//1285
f 786//1286 68//1286 69//1286
f 786//1287 69//1287 70//1287
f 787//1288 771//1288 776//1288
f 787//1289 782//1289 771//1289
f 788//1290 772//1290 777//1290
f 788//1291 789//1291 785//1291
f 788//1292 790//1292 789//1292
f 788//1293 783//1293 772//1293
f 788//1294 785//1294 783//1294
f 791//1295 786//1295 70//1295
f 791//1296 70//1296 71//1296
f 791//1297 71//1297 72//1297
f 792//1298 781//1298 786//1298
f 792//1299 787//1299 776//1299
f 792//1300 776//1300 781//1300
f 793//1301 794//1301 790//1301
f 793//1302 795//1302 794//1302
f 793//1303 782//1303 787//1303
f 793//1304 777//1304 782//1304
f 793//1305 788//1305 777//1305
f 793//1306 790//1306 788//1306
f 796//1307 791//1307 72//1307
f 796//1308 72//1308 73//1308
f 796//1309 73//1309 74//1309
f 797//1310 792//1310 786//1310
f 798//1311 799//1311 795//1311
f 798//1312 800//1312 799//1312
f 798//1313 793//1313 787//1313
f 798//1314 795//1314 793//1314
f 798//1315 787//1315 792//1315
f 801//1316 796//1316 74//1316
f 801//1317 74//1317 75//1317
f 801//1318 75//1318 76//1318
f 802//1319 797//1319 786//1319
f 802//1320 786//1320 791//1320
f 803//1321 804//1321 800//1321
f 803//1322 805//1322 804//1322
f 803//1323 800//1323 798//1323
f 803//1324 798//1324 792//1324
f 806//1325 801//1325 76//1325
f 806//1326 76//1326 77//1326
f 806//1327 77//1327 78//1327
f 807//1328 802//1328 791//1328
f 807//1329 791//1329 796//1329
f 808//1330 803//1330 792//1330
f 808//1331 809//1331 805//1331
f 808//1332 810//1332 809//1332
f 808//1333 792//1333 797//1333
f 808//1334 805//1334 803//1334
f 808//1335 797//1335 802//1335
f 811//1336 79//1336 80//1336
f 811//1337 806//1337 78//1337
f 811//1338 78//1338 79//1338
f 812//1339 807//1339 796//1339
f 812//1340 796//1340 801//1340
f 813//1341 810//1341 808//1341
f 813//1342 808//1342 802//1342
f 813//1343 814//1343 810//1343
f 813//1344 815//1344 814//1344
f 816//1345 80//1345 81//1345
f 816//1346 81//1346 82//1346
f 816//1347 811//1347 80//1347
f 817//1348 812//1348 801//1348
f 817//1349 806//1349 811//1349
f 817//1350 801//1350 806//1350
f 818//1351 819//1351 815//1351
f 818//1352 820//1352 819//1352
f 818//1353 815//1353 813//1353
f 818//1354 802//1354 807//1354
f 818//1355 813//1355 802//1355
f 821//1356 82//1356 83//1356
f 821//1357 83//1357 84//1357
f 821//1358 816//1358 82//1358
f 822//1359 817//1359 811//1359
f 823//1360 807//1360 812//1360
f 823//1361 818//1361 807//1361
f 823//1362 812//1362 817//1362
f 823//1363 820//1363 818//1363
f 823//1364 824//1364 820//1364
f 823//1365 825//1365 824//1365
f 826//1366 84//1366 85//1366
f 826//1367 85//1367 86//1367
f 826//1368 821//1368 84//1368
f 827//1369 811//1369 816//1369
f 827//1370 822//1370 811//1370
f 828//1371 825//1371 823//1371
f 828//1372 829//1372 825//1372
f 828//1373 830//1373 829//1373
f 828//1374 823//1374 817//1374
f 828//1375 817//1375 822//1375
f 831//1376 86//1376 205//1376
f 831//1377 205//1377 204//1377
f 831//1378 826//1378 86//1378
f 832//1379 821//1379 826//1379
f 832//1380 827//1380 816//1380
f 832//1381 816//1381 821//1381
f 833//1382 834//1382 830//1382
f 833//1383 835//1383 834//1383
f 833//1384 830//1384 828//1384
f 833//1385 828//1385 822//1385
f 836//1386 204//1386 199//1386
f 836//1387 199//1387 198//1387
f 836//1388 831//1388 204//1388
f 837//1389 832//1389 826//1389
f 838//1390 833//1390 822//1390
f 838//1391 839//1391 835//1391
f 838//1392 840//1392 839//1392
f 838//1393 822//1393 827//1393
f 838//1394 835//1394 833//1394
f 841//1395 198//1395 193//1395
f 841//1396 193//1396 190//1396
f 841//1397 836//1397 198//1397
f 842//1398 837//1398 826//1398
f 842//1399 826//1399 831//1399
f 843//1400 844//1400 840//1400
f 843//1401 845//1401 844//1401
f 843//1402 827//1402 832//1402
f 843//1403 840//1403 838//1403
f 843//1404 838//1404 827//1404
f 846//1405 190//1405 189//1405
f 846//1406 189//1406 186//1406
f 846//1407 841//1407 190//1407
f 847//1408 842//1408 831//1408
f 847//1409 831//1409 836//1409
f 848//1410 849//1410 845//1410
f 848//1411 850//1411 849//1411
f 848//1412 832//1412 837//1412
f 848//1413 845//1413 843//1413
f 848//1414 843//1414 832//1414
f 851//1415 186//1415 171//1415
f 851//1416 171//1416 169//1416
f 851//1417 846//1417 186//1417
f 852//1418 836//1418 841//1418
f 852//1419 841//1419 846//1419
f 852//1420 847//1420 836//1420
f 853//1421 837//1421 842//1421
f 853//1422 848//1422 837//1422
f 853//1423 854//1423 850//1423
f 853//1424 855//1424 854//1424
f 853//1425 850//1425 848//1425
f 853//1426 842//1426 847//1426
f 856//1427 169//1427 166//1427
f 856//1428 166//1428 165//1428
f 856//1429 851//1429 169//1429
f 857//1430 852//1430 846//1430
f 858//1431 859//1431 855//1431
f 858//1432 860//1432 859//1432
f 858//1433 855//1433 853//1433
f 858//1434 853//1434 847//1434
f 861//1435 856//1435 165//1435
f 861//1436 165//1436 162//1436
f 861//1437 162//1437 161//1437
f 862//1438 846//1438 851//1438
f 862//1439 851//1439 856//1439
f 862//1440 857//1440 846//1440
f 863//1441 858//1441 847//1441
f 863//1442 864//1442 860//1442
f 863//1443 865//1443 864//1443
f 863//1444 847//1444 852//1444
f 863//1445 860//1445 858//1445
f 863//1446 852//1446 857//1446
f 866//1447 161//1447 158//1447
f 866//1448 158//1448 157//1448
f 866//1449 861//1449 161//1449
f 867//1450 862//1450 856//1450
f 868//1451 863//1451 857//1451
f 868//1452 869//1452 865//1452
f 868//1453 870//1453 869//1453
f 868//1454 865//1454 863//1454
f 868//1455 857//1455 862//1455
f 871//1456 157//1456 154//1456
f 871//1457 154//1457 152//1457
f 871//1458 866//1458 157//1458
f 872//1459 856//1459 861//1459
f 872//1460 867//1460 856//1460
f 873//1461 862//1461 867//1461
f 873//1462 874//1462 870//1462
f 873//1463 875//1463 874//1463
f 873//1464 870//1464 868//1464
f 873//1465 868//1465 862//1465
f 876//1466 152//1466 150//1466
f 876//1467 150//1467 134//1467
f 876//1468 871//1468 152//1468
f 877//1469 861//1469 866//1469
f 877//1470 866//1470 871//1470
f 877//1471 872//1471 861//1471
f 878//1472 875//1472 873//1472
f 878//1473 867//1473 872//1473
f 878//1474 879//1474 875//1474
f 878//1475 880//1475 879//1475
f 878//1476 873//1476 867//1476
f 881//1477 876//1477 134//1477
f 881//1478 134//1478 133//1478
f 881//1479 133//1479 131//1479
f 881//1480 600//1480 882//1480
f 881//1481 131//1481 600//1481
f 883//1482 877//1482 871//1482
f 884//1483 880//1483 878//1483
f 884//1484 878//1484 872//1484
f 884//1485 885//1485 880//1485
f 884//1486 886//1486 885//1486
f 887//1487 883//1487 871//1487
f 887//1488 871//1488 876//1488
f 888//1489 886//1489 884//1489
f 888//1490 884//1490 872//1490
f 888//1491 889//1491 886//1491
f 888//1492 890//1492 889//1492
f 888//1493 872//1493 877//1493
f 891//1494 882//1494 616//1494
f 891//1495 876//1495 881//1495
f 891//1496 887//1496 876//1496
f 891//1497 881//1497 882//1497
f 892//1498 877//1498 883//1498
f 892//1499 888//1499 877//1499
f 892//1500 893//1500 890//1500
f 892//1501 894//1501 893//1501
f 892//1502 890//1502 888//1502
f 895//1503 892//1503 883//1503
f 895//1504 883//1504 887//1504
f 895//1505 896//1505 894//1505
f 895//1506 897//1506 896//1506
f 895//1507 887//1507 891//1507
f 895//1508 894//1508 892//1508
f 898//1509 891//1509 616//1509
f 898//1510 899//1510 897//1510
f 898//1511 900//1511 899//1511
f 898//1512 895//1512 891//1512
f 898//1513 897//1513 895//1513
f 898//1514 616//1514 900//1514
f 600//1515 131//1515 129//1515
f 615//1516 900//1516 616//1516
f 901//1517 126//1517 125//1517
f 901//1518 125//1518 123//1518
f 901//1519 600//1519 126//1519
f 902//1520 123//1520 120//1520
f 902//1521 120//1521 119//1521
f 902//1522 901//1522 123//1522
f 591//1523 119//1523 116//1523
f 591//1524 116//1524 115//1524
f 591//1525 902//1525 119//1525
f 594//1526 882//1526 600//1526
f 594//1527 600//1527 901//1527
f 603//1528 115//1528 113//1528
f 603//1529 113//1529 110//1529
f 603//1530 591//1530 115//1530
f 598//1531 901//1531 902//1531
f 598//1532 594//1532 901//1532
f 604//1533 110//1533 109//1533
f 604//1534 109//1534 106//1534
f 604//1535 603//1535 110//1535
f 590//1536 598//1536 902//1536
f 590//1537 902//1537 591//1537
f 593//1538 614//1538 616//1538
f 593//1539 616//1539 882//1539
f 593//1540 882//1540 594//1540
f 593//1541 903//1541 614//1541
f 593//1542 595//1542 903//1542
f 601//1543 604//1543 106//1543
f 601//1544 106//1544 100//1544
f 601//1545 100//1545 99//1545
f 589//1546 591//1546 603//1546
f 285//1547 284//1547 904//1547
f 904//1548 284//1548 905//1548
f 905//1549 573//1549 906//1549
f 284//1550 573//1550 905//1550
f 906//1551 265//1551 907//1551
f 573//1552 265//1552 906//1552
f 907//1553 266//1553 908//1553
f 265//1554 266//1554 907//1554
f 908//1555 267//1555 909//1555
f 266//1556 267//1556 908//1556
f 909//1557 276//1557 910//1557
f 267//1558 276//1558 909//1558
f 910//1559 277//1559 911//1559
f 276//1560 277//1560 910//1560
f 911//1561 281//1561 912//1561
f 277//1562 281//1562 911//1562
f 912//1563 282//1563 913//1563
f 281//1564 282//1564 912//1564
f 913//1565 289//1565 914//1565
f 282//1566 289//1566 913//1566
f 289//1567 290//1567 914//1567
f 914//1568 290//1568 915//1568
f 290//1569 294//1569 915//1569
f 915//1570 294//1570 916//1570
f 916//1571 294//1571 917//1571
f 294//1572 295//1572 917//1572
f 295//1573 299//1573 917//1573
f 917//1574 299//1574 918//1574
f 918//1575 299//1575 919//1575
f 299//1576 300//1576 919//1576
f 300//1577 304//1577 919//1577
f 919//1578 304//1578 920//1578
f 920//1579 304//1579 921//1579
f 304//1580 305//1580 921//1580
f 305//1581 309//1581 921//1581
f 921//1582 309//1582 922//1582
f 309//1583 310//1583 922//1583
f 922//1584 310//1584 923//1584
f 310//1585 314//1585 923//1585
f 923//1586 314//1586 924//1586
f 314//1587 315//1587 924//1587
f 924//1588 315//1588 925//1588
f 925//1589 315//1589 926//1589
f 315//1590 319//1590 926//1590
f 926//1591 320//1591 927//1591
f 319//1592 320//1592 926//1592
f 927//1593 324//1593 928//1593
f 320//1594 324//1594 927//1594
f 928//1595 325//1595 929//1595
f 929//1596 325//1596 930//1596
f 324//1597 325//1597 928//1597
f 930//1598 329//1598 931//1598
f 325//1599 329//1599 930//1599
f 329//1600 330//1600 931//1600
f 931//1601 334//1601 932//1601
f 330//1602 334//1602 931//1602
f 932//1603 335//1603 933//1603
f 334//1604 335//1604 932//1604
f 933//1605 339//1605 934//1605
f 934//1606 339//1606 935//1606
f 335//1607 339//1607 933//1607
f 339//1608 340//1608 935//1608
f 935//1609 344//1609 936//1609
f 340//1610 344//1610 935//1610
f 936//1611 345//1611 937//1611
f 344//1612 345//1612 936//1612
f 937//1613 349//1613 938//1613
f 938//1614 349//1614 939//1614
f 345//1615 349//1615 937//1615
f 349//1616 350//1616 939//1616
f 350//1617 354//1617 939//1617
f 939//1618 354//1618 940//1618
f 354//1619 355//1619 940//1619
f 940//1620 355//1620 941//1620
f 355//1621 359//1621 941//1621
f 941//1622 359//1622 942//1622
f 359//1623 360//1623 942//1623
f 942//1624 360//1624 943//1624
f 360//1625 364//1625 943//1625
f 943//1626 364//1626 944//1626
f 364//1627 365//1627 944//1627
f 944//1628 365//1628 945//1628
f 365//1629 369//1629 945//1629
f 945//1630 369//1630 946//1630
f 946//1631 369//1631 947//1631
f 369//1632 370//1632 947//1632
f 370//1633 374//1633 947//1633
f 947//1634 374//1634 948//1634
f 374//1635 375//1635 948//1635
f 948//1636 375//1636 949//1636
f 375//1637 379//1637 949//1637
f 949//1638 379//1638 950//1638
f 950//1639 379//1639 951//1639
f 379//1640 380//1640 951//1640
f 380//1641 384//1641 951//1641
f 951//1642 384//1642 952//1642
f 384//1643 385//1643 952//1643
f 952//1644 385//1644 953//1644
f 385//1645 389//1645 953//1645
f 953//1646 389//1646 954//1646
f 954//1647 389//1647 955//1647
f 389//1648 390//1648 955//1648
f 955//1649 390//1649 956//1649
f 390//1650 394//1650 956//1650
f 394//1651 395//1651 956//1651
f 956//1652 395//1652 957//1652
f 957//1653 395//1653 958//1653
f 395//1654 399//1654 958//1654
f 399//1655 400//1655 958//1655
f 958//1656 400//1656 959//1656
f 400//1657 404//1657 959//1657
f 959//1658 404//1658 960//1658
f 404//1659 405//1659 960//1659
f 960//1660 405//1660 961//1660
f 961//1661 409//1661 962//1661
f 405//1662 409//1662 961//1662
f 962//1663 410//1663 963//1663
f 409//1664 410//1664 962//1664
f 963//1665 414//1665 964//1665
f 410//1666 414//1666 963//1666
f 964//1667 415//1667 965//1667
f 414//1668 415//1668 964//1668
f 415//1669 419//1669 965//1669
f 965//1670 419//1670 966//1670
f 419//1671 420//1671 966//1671
f 966//1672 420//1672 967//1672
f 967//1673 420//1673 968//1673
f 420//1674 424//1674 968//1674
f 968//1675 424//1675 969//1675
f 424//1676 425//1676 969//1676
f 425//1677 429//1677 969//1677
f 969//1678 429//1678 970//1678
f 429//1679 430//1679 970//1679
f 970//1680 430//1680 971//1680
f 430//1681 434//1681 971//1681
f 971//1682 434//1682 972//1682
f 434//1683 435//1683 972//1683
f 972//1684 435//1684 973//1684
f 973//1685 435//1685 974//1685
f 435//1686 439//1686 974//1686
f 439//1687 440//1687 974//1687
f 974//1688 440//1688 975//1688
f 440//1689 444//1689 975//1689
f 975//1690 444//1690 976//1690
f 444//1691 445//1691 976//1691
f 976//1692 445//1692 977//1692
f 977//1693 449//1693 978//1693
f 978//1694 449//1694 979//1694
f 445//1695 449//1695 977//1695
f 449//1696 450//1696 979//1696
f 979//1697 454//1697 980//1697
f 450//1698 454//1698 979//1698
f 980//1699 455//1699 981//1699
f 454//1700 455//1700 980//1700
f 981//1701 459//1701 982//1701
f 455//1702 459//1702 981//1702
f 982//1703 460//1703 983//1703
f 459//1704 460//1704 982//1704
f 983//1705 464//1705 984//1705
f 984//1706 464//1706 985//1706
f 460//1707 464//1707 983//1707
f 464//1708 465//1708 985//1708
f 985//1709 469//1709 986//1709
f 465//1710 469//1710 985//1710
f 986//1711 470//1711 987//1711
f 469//1712 470//1712 986//1712
f 987//1713 474//1713 988//1713
f 470//1714 474//1714 987//1714
f 988//1715 475//1715 989//1715
f 474//1716 475//1716 988//1716
f 989//1717 479//1717 990//1717
f 475//1718 479//1718 989//1718
f 990//1719 480//1719 991//1719
f 479//1720 480//1720 990//1720
f 480//1721 484//1721 991//1721
f 991//1722 484//1722 992//1722
f 484//1723 485//1723 992//1723
f 992//1724 485//1724 993//1724
f 485//1725 489//1725 993//1725
f 993//1726 489//1726 994//1726
f 489//1727 490//1727 994//1727
f 994//1728 490//1728 995//1728
f 995//1729 494//1729 996//1729
f 996//1730 494//1730 997//1730
f 490//1731 494//1731 995//1731
f 494//1732 495//1732 997//1732
f 997//1733 499//1733 998//1733
f 495//1734 499//1734 997//1734
f 998//1735 500//1735 999//1735
f 499//1736 500//1736 998//1736
f 999//1737 504//1737 1000//1737
f 500//1738 504//1738 999//1738
f 1000//1739 505//1739 1001//1739
f 504//1740 505//1740 1000//1740
f 1001//1741 509//1741 1002//1741
f 1002//1742 509//1742 1003//1742
f 505//1743 509//1743 1001//1743
f 509//1744 510//1744 1003//1744
f 1003//1745 514//1745 1004//1745
f 510//1746 514//1746 1003//1746
f 1004//1747 515//1747 1005//1747
f 514//1748 515//1748 1004//1748
f 1005//1749 519//1749 1006//1749
f 515//1750 519//1750 1005//1750
f 1006//1751 520//1751 1007//1751
f 519//1752 520//1752 1006//1752
f 1007//1753 524//1753 1008//1753
f 1008//1754 524//1754 1009//1754
f 520//1755 524//1755 1007//1755
f 524//1756 525//1756 1009//1756
f 1009//1757 525//1757 1010//1757
f 525//1758 529//1758 1010//1758
f 1010//1759 530//1759 1011//1759
f 1011//1760 530//1760 1012//1760
f 529//1761 530//1761 1010//1761
f 530//1762 534//1762 1012//1762
f 1012//1763 535//1763 1013//1763
f 534//1764 535//1764 1012//1764
f 1013//1765 539//1765 1014//1765
f 535//1766 539//1766 1013//1766
f 1014//1767 540//1767 1015//1767
f 539//1768 540//1768 1014//1768
f 540//1769 544//1769 1015//1769
f 1015//1770 544//1770 1016//1770
f 1016//1771 544//1771 1017//1771
f 544//1772 545//1772 1017//1772
f 1017//1773 549//1773 1018//1773
f 545//1774 549//1774 1017//1774
f 549//1775 550//1775 1018//1775
f 1018//1776 550//1776 1019//1776
f 550//1777 554//1777 1019//1777
f 1019//1778 554//1778 1020//1778
f 554//1779 555//1779 1020//1779
f 1020//1780 555//1780 1021//1780
f 555//1781 558//1781 1021//1781
f 1021//1782 558//1782 1022//1782
f 558//1783 559//1783 1022//1783
f 1022//1784 559//1784 1023//1784
f 559//1785 563//1785 1023//1785
f 1023//1786 563//1786 1024//1786
f 563//1787 564//1787 1024//1787
f 1024//1788 564//1788 1025//1788
f 564//1789 566//1789 1025//1789
f 1025//1790 566//1790 1026//1790
f 566//1791 567//1791 1026//1791
f 1026//1792 567//1792 1027//1792
f 567//1793 569//1793 1027//1793
f 1027//1794 569//1794 1028//1794
f 569//1795 570//1795 1028//1795
f 1028//1796 570//1796 1029//1796
f 1029//1797 285//1797 904//1797
f 570//1798 285//1798 1029//1798
f 1030//1799 588//1799 1031//1799
f 1030//1800 1031//1800 577//1800
f 1030//1801 577//1801 576//1801
f 577//1802 1031//1802 578//1802
f 577//1803 578//1803 219//1803
f 1032//1804 574//1804 580//1804
f 580//1805 574//1805 46//1805
f 587//1806 575//1806 574//1806
f 1032//1807 587//1807 574//1807
f 585//1808 587//1808 1032//1808
f 1033//1809 1034//1809 575//1809
f 1035//1810 575//1810 1034//1810
f 1036//1811 1033//1811 575//1811
f 1037//1812 575//1812 1035//1812
f 1038//1813 1036//1813 575//1813
f 1039//1814 575//1814 1037//1814
f 1040//1815 1038//1815 575//1815
f 1041//1816 575//1816 1039//1816
f 1042//1817 1040//1817 575//1817
f 1043//1818 575//1818 1041//1818
f 1044//1819 1042//1819 575//1819
f 1045//1820 575//1820 1043//1820
f 1046//1821 1044//1821 575//1821
f 1047//1822 575//1822 1045//1822
f 1048//1823 1046//1823 575//1823
f 1049//1824 575//1824 1047//1824
f 1050//1825 1048//1825 575//1825
f 1051//1826 575//1826 1049//1826
f 1052//1827 1050//1827 575//1827
f 1053//1828 575//1828 1051//1828
f 1054//1829 1052//1829 575//1829
f 1055//1830 575//1830 1053//1830
f 1056//1831 1054//1831 575//1831
f 1057//1832 575//1832 1055//1832
f 1058//1833 1056//1833 575//1833
f 1059//1834 575//1834 1057//1834
f 1060//1835 1058//1835 575//1835
f 1061//1836 575//1836 1059//1836
f 1062//1837 1060//1837 575//1837
f 1063//1838 575//1838 1061//1838
f 1064//1839 1062//1839 575//1839
f 1065//1840 575//1840 1063//1840
f 1066//1841 1064//1841 575//1841
f 1067//1842 575//1842 1065//1842
f 1068//1843 1066//1843 575//1843
f 1069//1844 575//1844 1067//1844
f 1070//1845 575//1845 1069//1845
f 1071//1846 575//1846 1070//1846
f 1072//1847 575//1847 1071//1847
f 1073//1848 575//1848 1072//1848
f 1074//1849 575//1849 1073//1849
f 1075//1850 575//1850 1074//1850
f 1076//1851 575//1851 1075//1851
f 587//1852 1068//1852 575//1852
f 587//1853 1077//1853 1078//1853
f 587//1854 1078//1854 1079//1854
f 587//1855 1079//1855 1080//1855
f 587//1856 1080//1856 1081//1856
f 587//1857 1081//1857 1082//1857
f 587//1858 1082//1858 1083//1858
f 587//1859 1083//1859 1084//1859
f 587//1860 1084//1860 1085//1860
f 587//1861 1085//1861 1086//1861
f 587//1862 1086//1862 1087//1862
f 587//1863 1087//1863 1068//1863
f 1088//1864 1077//1864 587//1864
f 1089//1865 1088//1865 587//1865
f 1090//1866 1089//1866 587//1866
f 1091//1867 1090//1867 587//1867
f 1092//1868 1091//1868 587//1868
f 1093//1869 1092//1869 587//1869
f 1094//1870 1093//1870 587//1870
f 1095//1871 1094//1871 587//1871
f 1096//1872 1095//1872 587//1872
f 1097//1873 1096//1873 587//1873
f 1098//1874 1097//1874 587//1874
f 1099//1875 1098//1875 587//1875
f 1100//1876 1099//1876 587//1876
f 1101//1877 1100//1877 587//1877
f 1102//1878 1101//1878 587//1878
f 1103//1879 1102//1879 587//1879
f 1104//1880 1103//1880 587//1880
f 1105//1881 1104//1881 587//1881
f 1106//1882 1105//1882 587//1882
f 1107//1883 1106//1883 587//1883
f 1108//1884 1107//1884 587//1884
f 1109//1885 1108//1885 587//1885
f 1110//1886 1109//1886 587//1886
f 1111//1887 1110//1887 587//1887
f 1112//1888 1111//1888 587//1888
f 1113//1889 1112//1889 587//1889
f 1114//1890 1113//1890 587//1890
f 1115//1891 1114//1891 587//1891
f 1116//1892 1115//1892 587//1892
f 983//1893 1117//1893 1118//1893
f 982//1894 983//1894 1118//1894
f 984//1895 1119//1895 1117//1895
f 984//1896 1117//1896 983//1896
f 981//1897 1118//1897 1120//1897
f 981//1898 1120//1898 1121//1898
f 981//1899 982//1899 1118//1899
f 985//1900 1122//1900 1119//1900
f 985//1901 1119//1901 984//1901
f 980//1902 981//1902 1121//1902
f 986//1903 1122//1903 985//1903
f 986//1904 1123//1904 1122//1904
f 979//1905 1121//1905 1124//1905
f 979//1906 980//1906 1121//1906
f 987//1907 1125//1907 1123//1907
f 987//1908 1123//1908 986//1908
f 978//1909 1124//1909 1126//1909
f 978//1910 979//1910 1124//1910
f 988//1911 1127//1911 1125//1911
f 988//1912 1125//1912 987//1912
f 977//1913 1126//1913 1128//1913
f 977//1914 978//1914 1126//1914
f 989//1915 1076//1915 1127//1915
f 989//1916 1127//1916 988//1916
f 976//1917 1128//1917 1129//1917
f 976//1918 977//1918 1128//1918
f 975//1919 1129//1919 1130//1919
f 975//1920 976//1920 1129//1920
f 974//1921 1130//1921 1131//1921
f 974//1922 1131//1922 1132//1922
f 974//1923 975//1923 1130//1923
f 973//1924 974//1924 1132//1924
f 972//1925 973//1925 1132//1925
f 972//1926 1132//1926 1133//1926
f 972//1927 1133//1927 1134//1927
f 971//1928 972//1928 1134//1928
f 970//1929 1134//1929 1135//1929
f 970//1930 1135//1930 1136//1930
f 970//1931 971//1931 1134//1931
f 969//1932 970//1932 1136//1932
f 968//1933 1136//1933 1137//1933
f 968//1934 969//1934 1136//1934
f 967//1935 1138//1935 1139//1935
f 967//1936 1137//1936 1138//1936
f 967//1937 968//1937 1137//1937
f 966//1938 967//1938 1139//1938
f 965//1939 1139//1939 1140//1939
f 965//1940 966//1940 1139//1940
f 964//1941 1140//1941 1141//1941
f 964//1942 965//1942 1140//1942
f 964//1943 1141//1943 1142//1943
f 963//1944 964//1944 1142//1944
f 962//1945 1142//1945 1143//1945
f 962//1946 963//1946 1142//1946
f 961//1947 1143//1947 1144//1947
f 961//1948 962//1948 1143//1948
f 960//1949 1144//1949 1145//1949
f 960//1950 1145//1950 1146//1950
f 960//1951 961//1951 1144//1951
f 959//1952 960//1952 1146//1952
f 958//1953 1146//1953 1147//1953
f 958//1954 1147//1954 1148//1954
f 958//1955 959//1955 1146//1955
f 957//1956 958//1956 1148//1956
f 956//1957 957//1957 1148//1957
f 956//1958 1148//1958 1149//1958
f 955//1959 1149//1959 1150//1959
f 955//1960 1150//1960 1151//1960
f 955//1961 956//1961 1149//1961
f 954//1962 955//1962 1151//1962
f 953//1963 1151//1963 1152//1963
f 953//1964 954//1964 1151//1964
f 952//1965 1152//1965 1153//1965
f 952//1966 953//1966 1152//1966
f 951//1967 1153//1967 1154//1967
f 951//1968 1154//1968 1155//1968
f 951//1969 952//1969 1153//1969
f 950//1970 951//1970 1155//1970
f 949//1971 1155//1971 1156//1971
f 949//1972 950//1972 1155//1972
f 948//1973 1156//1973 1157//1973
f 948//1974 949//1974 1156//1974
f 947//1975 948//1975 1157//1975
f 947//1976 1157//1976 1158//1976
f 946//1977 1158//1977 1116//1977
f 946//1978 947//1978 1158//1978
f 946//1979 1116//1979 587//1979
f 576//1980 989//1980 990//1980
f 576//1981 990//1981 991//1981
f 576//1982 991//1982 992//1982
f 576//1983 992//1983 993//1983
f 576//1984 993//1984 994//1984
f 576//1985 994//1985 995//1985
f 576//1986 995//1986 996//1986
f 576//1987 996//1987 997//1987
f 576//1988 997//1988 998//1988
f 576//1989 998//1989 999//1989
f 576//1990 999//1990 1000//1990
f 576//1991 1000//1991 1001//1991
f 576//1992 1001//1992 1002//1992
f 576//1993 1002//1993 1003//1993
f 576//1994 1003//1994 1004//1994
f 576//1995 1004//1995 1005//1995
f 576//1996 1005//1996 1006//1996
f 576//1997 904//1997 905//1997
f 576//1998 905//1998 906//1998
f 576//1999 1006//1999 1007//1999
f 576//2000 1007//2000 1008//2000
f 576//2001 1008//2001 1009//2001
f 576//2002 1009//2002 1010//2002
f 576//2003 1010//2003 1011//2003
f 576//2004 1011//2004 1012//2004
f 576//2005 1012//2005 1013//2005
f 576//2006 1013//2006 1014//2006
f 576//2007 1014//2007 1015//2007
f 576//2008 1015//2008 1016//2008
f 576//2009 1016//2009 1017//2009
f 576//2010 1017//2010 1018//2010
f 576//2011 1018//2011 1019//2011
f 576//2012 1019//2012 1020//2012
f 576//2013 1020//2013 1021//2013
f 576//2014 1021//2014 1022//2014
f 576//2015 1022//2015 1023//2015
f 576//2016 1023//2016 1024//2016
f 576//2017 1024//2017 1025//2017
f 576//2018 1025//2018 1026//2018
f 576//2019 1026//2019 1027//2019
f 576//2020 1027//2020 1028//2020
f 576//2021 575//2021 1076//2021
f 576//2022 1028//2022 1029//2022
f 576//2023 1029//2023 904//2023
f 576//2024 1076//2024 989//2024
f 1030//2025 906//2025 907//2025
f 1030//2026 907//2026 908//2026
f 1030//2027 908//2027 909//2027
f 1030//2028 909//2028 910//2028
f 1030//2029 910//2029 911//2029
f 1030//2030 911//2030 912//2030
f 1030//2031 912//2031 913//2031
f 1030//2032 913//2032 914//2032
f 1030//2033 914//2033 915//2033
f 1030//2034 915//2034 916//2034
f 1030//2035 916//2035 917//2035
f 1030//2036 917//2036 918//2036
f 1030//2037 918//2037 919//2037
f 1030//2038 919//2038 920//2038
f 1030//2039 920//2039 921//2039
f 1030//2040 946//2040 587//2040
f 1030//2041 921//2041 922//2041
f 1030//2042 922//2042 923//2042
f 1030//2043 923//2043 924//2043
f 1030//2044 924//2044 925//2044
f 1030//2045 925//2045 926//2045
f 1030//2046 926//2046 927//2046
f 1030//2047 927//2047 928//2047
f 1030//2048 928//2048 929//2048
f 1030//2049 929//2049 930//2049
f 1030//2050 930//2050 931//2050
f 1030//2051 931//2051 932//2051
f 1030//2052 932//2052 933//2052
f 1030//2053 933//2053 934//2053
f 1030//2054 934//2054 935//2054
f 1030//2055 935//2055 936//2055
f 1030//2056 936//2056 937//2056
f 1030//2057 937//2057 938//2057
f 1030//2058 938//2058 939//2058
f 1030//2059 939//2059 940//2059
f 1030//2060 940//2060 941//2060
f 1030//2061 941//2061 942//2061
f 1030//2062 942//2062 943//2062
f 1030//2063 943//2063 944//2063
f 1030//2064 944//2064 945//2064
f 1030//2065 945//2065 946//2065
f 1030//2066 576//2066 906//2066
f 1032//2067 580//2067 585//2067
f 580//2068 588//2068 585//2068
f 580//2069 578//2069 588//2069
f 578//2070 1031//2070 588//2070
f 582//2071 581//2071 584//2071
f 582//2072 584//2072 583//2072
f 615//2073 614//2073 1138//2073
f 1138//2074 614//2074 1139//2074
f 1139//2075 903//2075 1140//2075
f 614//2076 903//2076 1139//2076
f 1140//2077 595//2077 1141//2077
f 903//2078 595//2078 1140//2078
f 1141//2079 596//2079 1142//2079
f 595//2080 596//2080 1141//2080
f 1142//2081 597//2081 1143//2081
f 596//2082 597//2082 1142//2082
f 1143//2083 606//2083 1144//2083
f 597//2084 606//2084 1143//2084
f 1144//2085 607//2085 1145//2085
f 606//2086 607//2086 1144//2086
f 1145//2087 611//2087 1146//2087
f 607//2088 611//2088 1145//2088
f 1146//2089 612//2089 1147//2089
f 611//2090 612//2090 1146//2090
f 1147//2091 619//2091 1148//2091
f 612//2092 619//2092 1147//2092
f 619//2093 620//2093 1148//2093
f 1148//2094 620//2094 1149//2094
f 620//2095 624//2095 1149//2095
f 1149//2096 624//2096 1150//2096
f 1150//2097 624//2097 1151//2097
f 624//2098 625//2098 1151//2098
f 625//2099 629//2099 1151//2099
f 1151//2100 629//2100 1152//2100
f 1152//2101 629//2101 1153//2101
f 629//2102 630//2102 1153//2102
f 630//2103 634//2103 1153//2103
f 1153//2104 634//2104 1154//2104
f 1154//2105 634//2105 1155//2105
f 634//2106 635//2106 1155//2106
f 635//2107 639//2107 1155//2107
f 1155//2108 639//2108 1156//2108
f 639//2109 640//2109 1156//2109
f 1156//2110 640//2110 1157//2110
f 640//2111 644//2111 1157//2111
f 1157//2112 644//2112 1158//2112
f 644//2113 645//2113 1158//2113
f 1158//2114 645//2114 1116//2114
f 1116//2115 645//2115 1115//2115
f 645//2116 649//2116 1115//2116
f 1115//2117 650//2117 1114//2117
f 649//2118 650//2118 1115//2118
f 1114//2119 654//2119 1113//2119
f 650//2120 654//2120 1114//2120
f 1113//2121 655//2121 1112//2121
f 1112//2122 655//2122 1111//2122
f 654//2123 655//2123 1113//2123
f 1111//2124 659//2124 1110//2124
f 655//2125 659//2125 1111//2125
f 659//2126 660//2126 1110//2126
f 1110//2127 664//2127 1109//2127
f 660//2128 664//2128 1110//2128
f 1109//2129 665//2129 1108//2129
f 664//2130 665//2130 1109//2130
f 1108//2131 669//2131 1107//2131
f 1107//2132 669//2132 1106//2132
f 665//2133 669//2133 1108//2133
f 669//2134 670//2134 1106//2134
f 1106//2135 674//2135 1105//2135
f 670//2136 674//2136 1106//2136
f 1105//2137 675//2137 1104//2137
f 674//2138 675//2138 1105//2138
f 1104//2139 679//2139 1103//2139
f 1103//2140 679//2140 1102//2140
f 675//2141 679//2141 1104//2141
f 679//2142 680//2142 1102//2142
f 680//2143 684//2143 1102//2143
f 1102//2144 684//2144 1101//2144
f 684//2145 685//2145 1101//2145
f 1101//2146 685//2146 1100//2146
f 685//2147 689//2147 1100//2147
f 1100//2148 689//2148 1099//2148
f 689//2149 690//2149 1099//2149
f 1099//2150 690//2150 1098//2150
f 690//2151 694//2151 1098//2151
f 1098//2152 694//2152 1097//2152
f 694//2153 695//2153 1097//2153
f 1097//2154 695//2154 1096//2154
f 695//2155 699//2155 1096//2155
f 1096//2156 699//2156 1095//2156
f 1095//2157 699//2157 1094//2157
f 699//2158 700//2158 1094//2158
f 700//2159 704//2159 1094//2159
f 1094//2160 704//2160 1093//2160
f 704//2161 705//2161 1093//2161
f 1093//2162 705//2162 1092//2162
f 705//2163 709//2163 1092//2163
f 1092//2164 709//2164 1091//2164
f 1091//2165 709//2165 1090//2165
f 709//2166 710//2166 1090//2166
f 710//2167 714//2167 1090//2167
f 1090//2168 714//2168 1089//2168
f 714//2169 715//2169 1089//2169
f 1089//2170 715//2170 1088//2170
f 715//2171 719//2171 1088//2171
f 1088//2172 719//2172 1077//2172
f 1077//2173 719//2173 1078//2173
f 719//2174 720//2174 1078//2174
f 1078//2175 720//2175 1079//2175
f 720//2176 724//2176 1079//2176
f 724//2177 725//2177 1079//2177
f 1079//2178 725//2178 1080//2178
f 1080//2179 725//2179 1081//2179
f 725//2180 729//2180 1081//2180
f 729//2181 730//2181 1081//2181
f 1081//2182 730//2182 1082//2182
f 730//2183 734//2183 1082//2183
f 1082//2184 734//2184 1083//2184
f 734//2185 735//2185 1083//2185
f 1083//2186 735//2186 1084//2186
f 1084//2187 739//2187 1085//2187
f 735//2188 739//2188 1084//2188
f 1085//2189 740//2189 1086//2189
f 739//2190 740//2190 1085//2190
f 1086//2191 744//2191 1087//2191
f 740//2192 744//2192 1086//2192
f 1087//2193 745//2193 1068//2193
f 744//2194 745//2194 1087//2194
f 745//2195 749//2195 1068//2195
f 1068//2196 749//2196 1066//2196
f 749//2197 750//2197 1066//2197
f 1066//2198 750//2198 1064//2198
f 1064//2199 750//2199 1062//2199
f 750//2200 754//2200 1062//2200
f 1062//2201 754//2201 1060//2201
f 754//2202 755//2202 1060//2202
f 755//2203 759//2203 1060//2203
f 1060//2204 759//2204 1058//2204
f 759//2205 760//2205 1058//2205
f 1058//2206 760//2206 1056//2206
f 760//2207 764//2207 1056//2207
f 1056//2208 764//2208 1054//2208
f 764//2209 765//2209 1054//2209
f 1054//2210 765//2210 1052//2210
f 1052//2211 765//2211 1050//2211
f 765//2212 769//2212 1050//2212
f 769//2213 770//2213 1050//2213
f 1050//2214 770//2214 1048//2214
f 770//2215 774//2215 1048//2215
f 1048//2216 774//2216 1046//2216
f 774//2217 775//2217 1046//2217
f 1046//2218 775//2218 1044//2218
f 1044//2219 779//2219 1042//2219
f 1042//2220 779//2220 1040//2220
f 775//2221 779//2221 1044//2221
f 779//2222 780//2222 1040//2222
f 1040//2223 784//2223 1038//2223
f 780//2224 784//2224 1040//2224
f 1038//2225 785//2225 1036//2225
f 784//2226 785//2226 1038//2226
f 1036//2227 789//2227 1033//2227
f 785//2228 789//2228 1036//2228
f 1033//2229 790//2229 1034//2229
f 789//2230 790//2230 1033//2230
f 1034//2231 794//2231 1035//2231
f 1035//2232 794//2232 1037//2232
f 790//2233 794//2233 1034//2233
f 794//2234 795//2234 1037//2234
f 1037//2235 799//2235 1039//2235
f 795//2236 799//2236 1037//2236
f 1039//2237 800//2237 1041//2237
f 799//2238 800//2238 1039//2238
f 1041//2239 804//2239 1043//2239
f 800//2240 804//2240 1041//2240
f 1043//2241 805//2241 1045//2241
f 804//2242 805//2242 1043//2242
f 1045//2243 809//2243 1047//2243
f 805//2244 809//2244 1045//2244
f 1047//2245 810//2245 1049//2245
f 809//2246 810//2246 1047//2246
f 810//2247 814//2247 1049//2247
f 1049//2248 814//2248 1051//2248
f 814//2249 815//2249 1051//2249
f 1051//2250 815//2250 1053//2250
f 815//2251 819//2251 1053//2251
f 1053//2252 819//2252 1055//2252
f 819//2253 820//2253 1055//2253
f 1055//2254 820//2254 1057//2254
f 1057//2255 824//2255 1059//2255
f 1059//2256 824//2256 1061//2256
f 820//2257 824//2257 1057//2257
f 824//2258 825//2258 1061//2258
f 1061//2259 829//2259 1063//2259
f 825//2260 829//2260 1061//2260
f 1063//2261 830//2261 1065//2261
f 829//2262 830//2262 1063//2262
f 1065//2263 834//2263 1067//2263
f 830//2264 834//2264 1065//2264
f 1067//2265 835//2265 1069//2265
f 834//2266 835//2266 1067//2266
f 1069//2267 839//2267 1070//2267
f 1070//2268 839//2268 1071//2268
f 835//2269 839//2269 1069//2269
f 839//2270 840//2270 1071//2270
f 1071//2271 844//2271 1072//2271
f 840//2272 844//2272 1071//2272
f 1072//2273 845//2273 1073//2273
f 844//2274 845//2274 1072//2274
f 1073//2275 849//2275 1074//2275
f 845//2276 849//2276 1073//2276
f 1074//2277 850//2277 1075//2277
f 849//2278 850//2278 1074//2278
f 1075//2279 854//2279 1076//2279
f 1076//2280 854//2280 1127//2280
f 850//2281 854//2281 1075//2281
f 854//2282 855//2282 1127//2282
f 1127//2283 855//2283 1125//2283
f 855//2284 859//2284 1125//2284
f 1125//2285 860//2285 1123//2285
f 1123//2286 860//2286 1122//2286
f 859//2287 860//2287 1125//2287
f 860//2288 864//2288 1122//2288
f 1122//2289 865//2289 1119//2289
f 864//2290 865//2290 1122//2290
f 1119//2291 869//2291 1117//2291
f 865//2292 869//2292 1119//2292
f 1117//2293 870//2293 1118//2293
f 869//2294 870//2294 1117//2294
f 870//2295 874//2295 1118//2295
f 1118//2296 874//2296 1120//2296
f 1120//2297 874//2297 1121//2297
f 874//2298 875//2298 1121//2298
f 1121//2299 879//2299 1124//2299
f 875//2300 879//2300 1121//2300
f 879//2301 880//2301 1124//2301
f 1124//2302 880//2302 1126//2302
f 880//2303 885//2303 1126//2303
f 1126//2304 885//2304 1128//2304
f 885//2305 886//2305 1128//2305
f 1128//2306 886//2306 1129//2306
f 886//2307 889//2307 1129//2307
f 1129//2308 889//2308 1130//2308
f 889//2309 890//2309 1130//2309
f 1130//2310 890//2310 1131//2310
f 890//2311 893//2311 1131//2311
f 1131//2312 893//2312 1132//2312
f 893//2313 894//2313 1132//2313
f 1132//2314 894//2314 1133//2314
f 894//2315 896//2315 1133//2315
f 1133//2316 896//2316 1134//2316
f 896//2317 897//2317 1134//2317
f 1134//2318 897//2318 1135//2318
f 897//2319 899//2319 1135//2319
f 1135//2320 899//2320 1136//2320
f 899//2321 900//2321 1136//2321
f 1136//2322 900//2322 1137//2322
f 1137//2323 615//2323 1138//2323
f 900//2324 615//2324 1137//2324
g Body
f 1159//2325 1160//2325 1161//2325
f 1162//2326 1160//2326 1159//2326
f 1163//2327 1161//2327 1160//2327
f 1164//2328 1165//2328 1161//2328
f 1164//2329 1163//2329 1166//2329
f 1164//2330 1166//2330 1167//2330
f 1164//2331 1161//2331 1163//2331
f 1168//2332 1169//2332 1170//2332
f 1171//2333 1172//2333 1165//2333
f 1173//2334 1171//2334 1165//2334
f 1174//2335 1165//2335 1164//2335
f 1174//2336 1173//2336 1165//2336
f 1175//2337 1164//2337 1169//2337
f 1175//2338 1169//2338 1168//2338
f 1175//2339 1174//2339 1164//2339
f 1176//2340 1177//2340 1173//2340
f 1176//2341 1173//2341 1174//2341
f 1178//2342 1175//2342 1168//2342
f 1179//2343 1175//2343 1178//2343
f 1161//2344 1180//2344 1159//2344
f 1165//2345 1180//2345 1161//2345
f 1181//2346 1163//2346 1162//2346
f 1162//2347 1163//2347 1160//2347
f 1182//2348 1183//2348 1184//2348
f 1181//2349 1185//2349 1186//2349
f 1181//2350 1186//2350 1187//2350
f 1159//2351 1181//2351 1162//2351
f 1159//2352 1185//2352 1181//2352
f 1180//2353 1185//2353 1159//2353
f 1188//2354 1189//2354 1190//2354
f 1188//2355 1190//2355 1183//2355
f 1188//2356 1182//2356 1185//2356
f 1188//2357 1183//2357 1182//2357
f 1191//2358 1185//2358 1180//2358
f 1191//2359 1188//2359 1185//2359
f 1192//2360 1191//2360 1180//2360
f 1193//2361 1194//2361 1191//2361
f 1193//2362 1191//2362 1192//2362
f 1195//2363 1180//2363 1196//2363
f 1195//2364 1192//2364 1180//2364
f 1172//2365 1196//2365 1180//2365
f 1172//2366 1180//2366 1165//2366
f 1195//2367 1197//2367 1171//2367
f 1171//2368 1197//2368 1198//2368
f 1198//2369 1172//2369 1171//2369
f 1198//2370 1199//2370 1172//2370
f 1195//2371 1196//2371 1197//2371
f 1199//2372 1196//2372 1172//2372
f 1196//2373 1200//2373 1197//2373
f 1199//2374 1200//2374 1196//2374
f 1192//2375 1195//2375 1171//2375
f 1192//2376 1171//2376 1173//2376
f 1177//2377 1193//2377 1173//2377
f 1193//2378 1192//2378 1173//2378
f 1163//2379 1181//2379 1166//2379
f 1181//2380 1187//2380 1166//2380
f 1176//2381 1194//2381 1177//2381
f 1194//2382 1193//2382 1177//2382
f 1166//2383 1187//2383 1167//2383
f 1187//2384 1186//2384 1167//2384
f 1174//2385 1191//2385 1176//2385
f 1191//2386 1194//2386 1176//2386
f 1167//2387 1186//2387 1164//2387
f 1186//2388 1185//2388 1164//2388
f 1191//2389 1174//2389 1175//2389
f 1188//2390 1191//2390 1175//2390
f 1182//2391 1164//2391 1185//2391
f 1182//2392 1169//2392 1164//2392
f 1188//2393 1175//2393 1179//2393
f 1188//2394 1179//2394 1189//2394
f 1170//2395 1182//2395 1184//2395
f 1169//2396 1182//2396 1170//2396
f 1178//2397 1201//2397 1179//2397
f 1202//2398 1190//2398 1189//2398
f 1202//2399 1189//2399 1179//2399
f 1202//2400 1179//2400 1201//2400
f 1168//2401 1203//2401 1201//2401
f 1168//2402 1201//2402 1178//2402
f 1170//2403 1203//2403 1168//2403
f 1204//2404 1184//2404 1183//2404
f 1204//2405 1183//2405 1190//2405
f 1204//2406 1190//2406 1202//2406
f 1204//2407 1203//2407 1170//2407
f 1204//2408 1170//2408 1184//2408
f 1199//2409 1198//2409 1203//2409
f 1203//2410 1198//2410 1201//2410
f 1198//2411 1197//2411 1201//2411
f 1201//2412 1197//2412 1202//2412
f 1197//2413 1200//2413 1202//2413
f 1202//2414 1200//2414 1204//2414
f 1200//2415 1199//2415 1204//2415
f 1204//2416 1199//2416 1203//2416
g Body
f 1205//2417 1206//2417 1207//2417
f 1208//2418 1206//2418 1205//2418
f 1209//2419 1207//2419 1206//2419
f 1210//2420 1211//2420 1207//2420
f 1210//2421 1209//2421 1212//2421
f 1210//2422 1212//2422 1213//2422
f 1210//2423 1207//2423 1209//2423
f 1214//2424 1215//2424 1216//2424
f 1217//2425 1218//2425 1211//2425
f 1219//2426 1217//2426 1211//2426
f 1220//2427 1211//2427 1210//2427
f 1220//2428 1219//2428 1211//2428
f 1221//2429 1210//2429 1215//2429
f 1221//2430 1215//2430 1214//2430
f 1221//2431 1220//2431 1210//2431
f 1222//2432 1223//2432 1219//2432
f 1222//2433 1219//2433 1220//2433
f 1224//2434 1221//2434 1214//2434
f 1225//2435 1221//2435 1224//2435
f 1207//2436 1226//2436 1205//2436
f 1211//2437 1226//2437 1207//2437
f 1227//2438 1209//2438 1208//2438
f 1208//2439 1209//2439 1206//2439
f 1228//2440 1229//2440 1230//2440
f 1227//2441 1231//2441 1232//2441
f 1227//2442 1232//2442 1233//2442
f 1205//2443 1227//2443 1208//2443
f 1205//2444 1231//2444 1227//2444
f 1226//2445 1231//2445 1205//2445
f 1234//2446 1235//2446 1236//2446
f 1234//2447 1236//2447 1229//2447
f 1234//2448 1228//2448 1231//2448
f 1234//2449 1229//2449 1228//2449
f 1237//2450 1231//2450 1226//2450
f 1237//2451 1234//2451 1231//2451
f 1238//2452 1237//2452 1226//2452
f 1239//2453 1240//2453 1237//2453
f 1239//2454 1237//2454 1238//2454
f 1241//2455 1226//2455 1242//2455
f 1241//2456 1238//2456 1226//2456
f 1218//2457 1242//2457 1226//2457
f 1218//2458 1226//2458 1211//2458
f 1241//2459 1243//2459 1217//2459
f 1217//2460 1243//2460 1244//2460
f 1244//2461 1218//2461 1217//2461
f 1244//2462 1245//2462 1218//2462
f 1241//2463 1242//2463 1243//2463
f 1245//2464 1242//2464 1218//2464
f 1242//2465 1246//2465 1243//2465
f 1245//2466 1246//2466 1242//2466
f 1238//2467 1241//2467 1217//2467
f 1238//2468 1217//2468 1219//2468
f 1223//2469 1239//2469 1219//2469
f 1239//2470 1238//2470 1219//2470
f 1209//2471 1227//2471 1212//2471
f 1227//2472 1233//2472 1212//2472
f 1222//2473 1240//2473 1223//2473
f 1240//2474 1239//2474 1223//2474
f 1212//2475 1233//2475 1213//2475
f 1233//2476 1232//2476 1213//2476
f 1220//2477 1237//2477 1222//2477
f 1237//2478 1240//2478 1222//2478
f 1213//2479 1232//2479 1210//2479
f 1232//2480 1231//2480 1210//2480
f 1237//2481 1220//2481 1221//2481
f 1234//2482 1237//2482 1221//2482
f 1228//2483 1210//2483 1231//2483
f 1228//2484 1215//2484 1210//2484
f 1234//2485 1221//2485 1225//2485
f 1234//2486 1225//2486 1235//2486
f 1216//2487 1228//2487 1230//2487
f 1215//2488 1228//2488 1216//2488
f 1224//2489 1247//2489 1225//2489
f 1248//2490 1236//2490 1235//2490
f 1248//2491 1235//2491 1225//2491
f 1248//2492 1225//2492 1247//2492
f 1214//2493 1249//2493 1247//2493
f 1214//2494 1247//2494 1224//2494
f 1216//2495 1249//2495 1214//2495
f 1250//2496 1230//2496 1229//2496
f 1250//2497 1229//2497 1236//2497
f 1250//2498 1236//2498 1248//2498
f 1250//2499 1249//2499 1216//2499
f 1250//2500 1216//2500 1230//2500
f 1245//2501 1244//2501 1249//2501
f 1249//2502 1244//2502 1247//2502
f 1244//2503 1243//2503 1247//2503
f 1247//2504 1243//2504 1248//2504
f 1243//2505 1246//2505 1248//2505
f 1248//2506 1246//2506 1250//2506
f 1246//2507 1245//2507 1250//2507
f 1250//2508 1245//2508 1249//2508
g Body
f 1251//2509 1252//2509 1253//2509
f 1254//2510 1252//2510 1251//2510
f 1255//2511 1253//2511 1252//2511
f 1256//2512 1257//2512 1253//2512
f 1256//2513 1255//2513 1258//2513
f 1256//2514 1258//2514 1259//2514
f 1256//2515 1253//2515 1255//2515
f 1260//2516 1261//2516 1262//2516
f 1263//2517 1264//2517 1257//2517
f 1265//2518 1263//2518 1257//2518
f 1266//2519 1257//2519 1256//2519
f 1266//2520 1265//2520 1257//2520
f 1267//2521 1256//2521 1261//2521
f 1267//2522 1261//2522 1260//2522
f 1267//2523 1266//2523 1256//2523
f 1268//2524 1269//2524 1265//2524
f 1268//2525 1265//2525 1266//2525
f 1270//2526 1267//2526 1260//2526
f 1271//2527 1267//2527 1270//2527
f 1253//2528 1272//2528 1251//2528
f 1257//2529 1272//2529 1253//2529
f 1273//2530 1255//2530 1254//2530
f 1254//2531 1255//2531 1252//2531
f 1274//2532 1275//2532 1276//2532
f 1273//2533 1277//2533 1278//2533
f 1273//2534 1278//2534 1279//2534
f 1251//2535 1273//2535 1254//2535
f 1251//2536 1277//2536 1273//2536
f 1272//2537 1277//2537 1251//2537
f 1280//2538 1281//2538 1282//2538
f 1280//2539 1282//2539 1275//2539
f 1280//2540 1274//2540 1277//2540
f 1280//2541 1275//2541 1274//2541
f 1283//2542 1277//2542 1272//2542
f 1283//2543 1280//2543 1277//2543
f 1284//2544 1283//2544 1272//2544
f 1285//2545 1286//2545 1283//2545
f 1285//2546 1283//2546 1284//2546
f 1287//2547 1272//2547 1288//2547
f 1287//2548 1284//2548 1272//2548
f 1264//2549 1288//2549 1272//2549
f 1264//2550 1272//2550 1257//2550
f 1287//2551 1289//2551 1263//2551
f 1263//2552 1289//2552 1290//2552
f 1290//2553 1264//2553 1263//2553
f 1290//2554 1291//2554 1264//2554
f 1287//2555 1288//2555 1289//2555
f 1291//2556 1288//2556 1264//2556
f 1288//2557 1292//2557 1289//2557
f 1291//2558 1292//2558 1288//2558
f 1284//2559 1287//2559 1263//2559
f 1284//2560 1263//2560 1265//2560
f 1269//2561 1285//2561 1265//2561
f 1285//2562 1284//2562 1265//2562
f 1255//2563 1273//2563 1258//2563
f 1273//2564 1279//2564 1258//2564
f 1268//2565 1286//2565 1269//2565
f 1286//2566 1285//2566 1269//2566
f 1258//2567 1279//2567 1259//2567
f 1279//2568 1278//2568 1259//2568
f 1266//2569 1283//2569 1268//2569
f 1283//2570 1286//2570 1268//2570
f 1259//2571 1278//2571 1256//2571
f 1278//2572 1277//2572 1256//2572
f 1283//2573 1266//2573 1267//2573
f 1280//2574 1283//2574 1267//2574
f 1274//2575 1256//2575 1277//2575
f 1274//2576 1261//2576 1256//2576
f 1280//2577 1267//2577 1271//2577
f 1280//2578 1271//2578 1281//2578
f 1262//2579 1274//2579 1276//2579
f 1261//2580 1274//2580 1262//2580
f 1270//2581 1293//2581 1271//2581
f 1294//2582 1282//2582 1281//2582
f 1294//2583 1281//2583 1271//2583
f 1294//2584 1271//2584 1293//2584
f 1260//2585 1295//2585 1293//2585
f 1260//2586 1293//2586 1270//2586
f 1262//2587 1295//2587 1260//2587
f 1296//2588 1276//2588 1275//2588
f 1296//2589 1275//2589 1282//2589
f 1296//2590 1282//2590 1294//2590
f 1296//2591 1295//2591 1262//2591
f 1296//2592 1262//2592 1276//2592
f 1291//2593 1290//2593 1295//2593
f 1295//2594 1290//2594 1293//2594
f 1290//2595 1289//2595 1293//2595
f 1293//2596 1289//2596 1294//2596
f 1289//2597 1292//2597 1294//2597
f 1294//2598 1292//2598 1296//2598
f 1292//2599 1291//2599 1296//2599
f 1296//2600 1291//2600 1295//2600
g Body
f 1297//2601 1298//2601 1299//2601
f 1300//2602 1298//2602 1297//2602
f 1301//2603 1299//2603 1298//2603
f 1302//2604 1303//2604 1299//2604
f 1302//2605 1301//2605 1304//2605
f 1302//2606 1304//2606 1305//2606
f 1302//2607 1299//2607 1301//2607
f 1306//2608 1307//2608 1308//2608
f 1309//2609 1310//2609 1303//2609
f 1311//2610 1309//2610 1303//2610
f 1312//2611 1303//2611 1302//2611
f 1312//2612 1311//2612 1303//2612
f 1313//2613 1302//2613 1307//2613
f 1313//2614 1307//2614 1306//2614
f 1313//2615 1312//2615 1302//2615
f 1314//2616 1315//2616 1311//2616
f 1314//2617 1311//2617 1312//2617
f 1316//2618 1313//2618 1306//2618
f 1317//2619 1313//2619 1316//2619
f 1299//2620 1318//2620 1297//2620
f 1303//2621 1318//2621 1299//2621
f 1319//2622 1301//2622 1300//2622
f 1300//2623 1301//2623 1298//2623
f 1320//2624 1321//2624 1322//2624
f 1319//2625 1323//2625 1324//2625
f 1319//2626 1324//2626 1325//2626
f 1297//2627 1319//2627 1300//2627
f 1297//2628 1323//2628 1319//2628
f 1318//2629 1323//2629 1297//2629
f 1326//2630 1327//2630 1328//2630
f 1326//2631 1328//2631 1321//2631
f 1326//2632 1320//2632 1323//2632
f 1326//2633 1321//2633 1320//2633
f 1329//2634 1323//2634 1318//2634
f 1329//2635 1326//2635 1323//2635
f 1330//2636 1329//2636 1318//2636
f 1331//2637 1332//2637 1329//2637
f 1331//2638 1329//2638 1330//2638
f 1333//2639 1318//2639 1334//2639
f 1333//2640 1330//2640 1318//2640
f 1310//2641 1334//2641 1318//2641
f 1310//2642 1318//2642 1303//2642
f 1333//2643 1335//2643 1309//2643
f 1309//2644 1335//2644 1336//2644
f 1336//2645 1310//2645 1309//2645
f 1336//2646 1337//2646 1310//2646
f 1333//2647 1334//2647 1335//2647
f 1337//2648 1334//2648 1310//2648
f 1334//2649 1338//2649 1335//2649
f 1337//2650 1338//2650 1334//2650
f 1330//2651 1333//2651 1309//2651
f 1330//2652 1309//2652 1311//2652
f 1315//2653 1331//2653 1311//2653
f 1331//2654 1330//2654 1311//2654
f 1301//2655 1319//2655 1304//2655
f 1319//2656 1325//2656 1304//2656
f 1314//2657 1332//2657 1315//2657
f 1332//2658 1331//2658 1315//2658
f 1304//2659 1325//2659 1305//2659
f 1325//2660 1324//2660 1305//2660
f 1312//2661 1329//2661 1314//2661
f 1329//2662 1332//2662 1314//2662
f 1305//2663 1324//2663 1302//2663
f 1324//2664 1323//2664 1302//2664
f 1329//2665 1312//2665 1313//2665
f 1326//2666 1329//2666 1313//2666
f 1320//2667 1302//2667 1323//2667
f 1320//2668 1307//2668 1302//2668
f 1326//2669 1313//2669 1317//2669
f 1326//2670 1317//2670 1327//2670
f 1308//2671 1320//2671 1322//2671
f 1307//2672 1320//2672 1308//2672
f 1316//2673 1339//2673 1317//2673
f 1340//2674 1328//2674 1327//2674
f 1340//2675 1327//2675 1317//2675
f 1340//2676 1317//2676 1339//2676
f 1306//2677 1341//2677 1339//2677
f 1306//2678 1339//2678 1316//2678
f 1308//2679 1341//2679 1306//2679
f 1342//2680 1322//2680 1321//2680
f 1342//2681 1321//2681 1328//2681
f 1342//2682 1328//2682 1340//2682
f 1342//2683 1341//2683 1308//2683
f 1342//2684 1308//2684 1322//2684
f 1337//2685 1336//2685 1341//2685
f 1341//2686 1336//2686 1339//2686
f 1336//2687 1335//2687 1339//2687
f 1339//2688 1335//2688 1340//2688
f 1335//2689 1338//2689 1340//2689
f 1340//2690 1338//2690 1342//2690
f 1338//2691 1337//2691 1342//2691
f 1342//2692 1337//2692 1341//2692
g Body
f 1343//2693 1344//2693 1345//2693
f 1346//2694 1344//2694 1343//2694
f 1347//2695 1345//2695 1344//2695
f 1348//2696 1349//2696 1345//2696
f 1348//2697 1347//2697 1350//2697
f 1348//2698 1350//2698 1351//2698
f 1348//2699 1345//2699 1347//2699
f 1352//2700 1353//2700 1354//2700
f 1355//2701 1356//2701 1349//2701
f 1357//2702 1355//2702 1349//2702
f 1358//2703 1349//2703 1348//2703
f 1358//2704 1357//2704 1349//2704
f 1359//2705 1348//2705 1353//2705
f 1359//2706 1353//2706 1352//2706
f 1359//2707 1358//2707 1348//2707
f 1360//2708 1361//2708 1357//2708
f 1360//2709 1357//2709 1358//2709
f 1362//2710 1359//2710 1352//2710
f 1363//2711 1359//2711 1362//2711
f 1345//2712 1364//2712 1343//2712
f 1349//2713 1364//2713 1345//2713
f 1365//2714 1347//2714 1346//2714
f 1346//2715 1347//2715 1344//2715
f 1366//2716 1367//2716 1368//2716
f 1365//2717 1369//2717 1370//2717
f 1365//2718 1370//2718 1371//2718
f 1343//2719 1365//2719 1346//2719
f 1343//2720 1369//2720 1365//2720
f 1364//2721 1369//2721 1343//2721
f 1372//2722 1373//2722 1374//2722
f 1372//2723 1374//2723 1367//2723
f 1372//2724 1366//2724 1369//2724
f 1372//2725 1367//2725 1366//2725
f 1375//2726 1369//2726 1364//2726
f 1375//2727 1372//2727 1369//2727
f 1376//2728 1375//2728 1364//2728
f 1377//2729 1378//2729 1375//2729
f 1377//2730 1375//2730 1376//2730
f 1379//2731 1364//2731 1380//2731
f 1379//2732 1376//2732 1364//2732
f 1356//2733 1380//2733 1364//2733
f 1356//2734 1364//2734 1349//2734
f 1379//2735 1381//2735 1355//2735
f 1355//2736 1381//2736 1382//2736
f 1382//2737 1356//2737 1355//2737
f 1382//2738 1383//2738 1356//2738
f 1379//2739 1380//2739 1381//2739
f 1383//2740 1380//2740 1356//2740
f 1380//2741 1384//2741 1381//2741
f 1383//2742 1384//2742 1380//2742
f 1376//2743 1379//2743 1355//2743
f 1376//2744 1355//2744 1357//2744
f 1361//2745 1377//2745 1357//2745
f 1377//2746 1376//2746 1357//2746
f 1347//2747 1365//2747 1350//2747
f 1365//2748 1371//2748 1350//2748
f 1360//2749 1378//2749 1361//2749
f 1378//2750 1377//2750 1361//2750
f 1350//2751 1371//2751 1351//2751
f 1371//2752 1370//2752 1351//2752
f 1358//2753 1375//2753 1360//2753
f 1375//2754 1378//2754 1360//2754
f 1351//2755 1370//2755 1348//2755
f 1370//2756 1369//2756 1348//2756
f 1375//2757 1358//2757 1359//2757
f 1372//2758 1375//2758 1359//2758
f 1366//2759 1348//2759 1369//2759
f 1366//2760 1353//2760 1348//2760
f 1372//2761 1359//2761 1363//2761
f 1372//2762 1363//2762 1373//2762
f 1354//2763 1366//2763 1368//2763
f 1353//2764 1366//2764 1354//2764
f 1362//2765 1385//2765 1363//2765
f 1386//2766 1374//2766 1373//2766
f 1386//2767 1373//2767 1363//2767
f 1386//2768 1363//2768 1385//2768
f 1352//2769 1387//2769 1385//2769
f 1352//2770 1385//2770 1362//2770
f 1354//2771 1387//2771 1352//2771
f 1388//2772 1368//2772 1367//2772
f 1388//2773 1367//2773 1374//2773
f 1388//2774 1374//2774 1386//2774
f 1388//2775 1387//2775 1354//2775
f 1388//2776 1354//2776 1368//2776
f 1383//2777 1382//2777 1387//2777
f 1387//2778 1382//2778 1385//2778
f 1382//2779 1381//2779 1385//2779
f 1385//2780 1381//2780 1386//2780
f 1381//2781 1384//2781 1386//2781
f 1386//2782 1384//2782 1388//2782
f 1384//2783 1383//2783 1388//2783
f 1388//2784 1383//2784 1387//2784
